FID,STATEFP,COUNTYFP,TRACTCE,AFFGEOID,GEOID,NAME,LSAD,ALAND,AWATER,SHAPE_Length,SHAPE_Area
1,42,003,050900,1400000US42003050900,42003050900,509,CT,452643,4114,0.0450478139229961,4.61751085000847e-05
2,42,003,070300,1400000US42003070300,42003070300,703,CT,428546,0,0.028484178626745,4.55177935000547e-05
3,42,003,120700,1400000US42003120700,42003120700,1207,CT,514927,0,0.0313717561543993,5.45585959999472e-05
4,42,003,140400,1400000US42003140400,42003140400,1404,CT,834995,0,0.0383741721615894,8.89317965001007e-05
5,42,003,180700,1400000US42003180700,42003180700,1807,CT,393380,0,0.0261418109258156,4.21267379999519e-05
6,42,003,220600,1400000US42003220600,42003220600,2206,CT,430172,0,0.0416638747491039,4.69067820000843e-05
7,42,003,270100,1400000US42003270100,42003270100,2701,CT,1039795,131921,0.0483249379852655,0.000124919403000298
8,42,003,281400,1400000US42003281400,42003281400,2814,CT,1328964,0,0.0512126685259321,0.000140333670999533
9,42,003,310300,1400000US42003310300,42003310300,3103,CT,2046497,0,0.0695251380276149,0.000220501834999505
10,42,003,408002,1400000US42003408002,42003408002,4080.02,CT,11667028,0,0.186282153541505,0.0012442832780001
11,42,003,423000,1400000US42003423000,42003423000,4230,CT,907019,88873,0.0502791346269426,0.000105192470500004
12,42,003,429201,1400000US42003429201,42003429201,4292.01,CT,4690076,0,0.101509605462222,0.000497516215500033
13,42,003,447000,1400000US42003447000,42003447000,4470,CT,3888768,0,0.0917924349605646,0.000417564365999776
14,42,003,457200,1400000US42003457200,42003457200,4572,CT,1896849,0,0.0735737262738275,0.000202154627500044
15,42,003,468900,1400000US42003468900,42003468900,4689,CT,1691926,0,0.0559623432474241,0.000180207103999569
16,42,003,475101,1400000US42003475101,42003475101,4751.01,CT,3134653,0,0.0835395364320063,0.000331454596000322
17,42,003,478100,1400000US42003478100,42003478100,4781,CT,1513315,0,0.0583250707863193,0.000160132587500155
18,42,003,486700,1400000US42003486700,42003486700,4867,CT,2492428,248729,0.0722941449962693,0.000290151352499611
19,42,003,490004,1400000US42003490004,42003490004,4900.04,CT,8040949,0,0.134127505126619,0.000858494966999827
20,42,003,494000,1400000US42003494000,42003494000,4940,CT,886861,186785,0.0515288585009287,0.000111991134500255
21,42,003,499300,1400000US42003499300,42003499300,4993,CT,2059493,324290,0.102499635930217,0.000251715858500099
22,42,003,499400,1400000US42003499400,42003499400,4994,CT,2036886,206323,0.0792062384706459,0.000238067044999852
23,42,003,514000,1400000US42003514000,42003514000,5140,CT,1131840,172230,0.048146915138595,0.00014093937999977
24,42,003,523400,1400000US42003523400,42003523400,5234,CT,3254207,0,0.0733605017697672,0.000346068966500156
25,42,003,552200,1400000US42003552200,42003552200,5522,CT,804397,235833,0.0449934480372761,0.000109439907500194
26,42,003,560400,1400000US42003560400,42003560400,5604,CT,511112,0,0.0329518489348629,5.40605869999685e-05
27,42,003,980000,1400000US42003980000,42003980000,9800,CT,637327,237263,0.0476037742379782,9.25527835000868e-05
28,42,003,980300,1400000US42003980300,42003980300,9803,CT,1294126,0,0.0554343306134227,0.000136601480999973
29,42,003,020300,1400000US42003020300,42003020300,203,CT,1594790,326537,0.0770321758817546,0.000203587609000369
30,42,003,040600,1400000US42003040600,42003040600,406,CT,253062,0,0.0243226150904534,2.60703110000992e-05
31,42,003,080600,1400000US42003080600,42003080600,806,CT,404921,0,0.0272375107365379,4.28756334996725e-05
32,42,003,090300,1400000US42003090300,42003090300,903,CT,256777,0,0.0249403365076728,2.65587580000102e-05
33,42,003,110200,1400000US42003110200,42003110200,1102,CT,815006,0,0.0382289700376219,8.72797555000814e-05
34,42,003,120400,1400000US42003120400,42003120400,1204,CT,437417,0,0.030132043454358,4.77965874998404e-05
35,42,003,140200,1400000US42003140200,42003140200,1402,CT,759492,0,0.0444179475475516,8.0772407999767e-05
36,42,003,140800,1400000US42003140800,42003140800,1408,CT,1089074,0,0.0589024410109657,0.000115700934500036
37,42,003,170200,1400000US42003170200,42003170200,1702,CT,1120492,259388,0.0619001042439733,0.000146795493500213
38,42,003,191800,1400000US42003191800,42003191800,1918,CT,1453327,0,0.0701081952889607,0.000150392460500258
39,42,003,250300,1400000US42003250300,42003250300,2503,CT,242446,0,0.0227694824987883,2.53266060002045e-05
40,42,003,401300,1400000US42003401300,42003401300,4013,CT,3338659,0,0.0932813997492203,0.000354996246499918
41,42,003,409000,1400000US42003409000,42003409000,4090,CT,43934370,33866,0.275284121877332,0.00467231914800116
42,42,003,413300,1400000US42003413300,42003413300,4133,CT,5744580,0,0.138892452721333,0.00061121981999935
43,42,003,417200,1400000US42003417200,42003417200,4172,CT,1319446,415229,0.0710655535713607,0.000184365784000218
44,42,003,426800,1400000US42003426800,42003426800,4268,CT,5178198,0,0.0928369483924253,0.000555220367999988
45,42,003,429400,1400000US42003429400,42003429400,4294,CT,3558361,0,0.0994760637943955,0.000381302829499413
46,42,003,431100,1400000US42003431100,42003431100,4311,CT,924161,0,0.0395321849421545,9.7039665499968e-05
47,42,003,446000,1400000US42003446000,42003446000,4460,CT,3875479,465048,0.088247817356361,0.000462543470000235
48,42,003,450800,1400000US42003450800,42003450800,4508,CT,1364588,299718,0.0698217787945486,0.00017643309199982
49,42,003,457100,1400000US42003457100,42003457100,4571,CT,941726,2737,0.0461731344583051,9.78949214999467e-05
50,42,003,460001,1400000US42003460001,42003460001,4600.01,CT,6663602,121528,0.11716632233346,0.000720038467999994
51,42,003,463900,1400000US42003463900,42003463900,4639,CT,1008815,0,0.0506005717612602,0.000105580882999662
52,42,003,468800,1400000US42003468800,42003468800,4688,CT,1089827,0,0.0452263690754977,0.000116163890000226
53,42,003,472200,1400000US42003472200,42003472200,4722,CT,651942,0,0.0354253213467427,6.83911775003369e-05
54,42,003,473602,1400000US42003473602,42003473602,4736.02,CT,2450837,6712,0.0796637220380103,0.000256729748000284
55,42,003,475402,1400000US42003475402,42003475402,4754.02,CT,3867968,0,0.0966491009703171,0.000410204113000204
56,42,003,482500,1400000US42003482500,42003482500,4825,CT,2387778,236626,0.114246153231987,0.000282064617500193
57,42,003,488100,1400000US42003488100,42003488100,4881,CT,1696487,0,0.0633593046121741,0.000180694860499957
58,42,003,501000,1400000US42003501000,42003501000,5010,CT,1258267,131999,0.0546590767263017,0.000145933691000164
59,42,003,512000,1400000US42003512000,42003512000,5120,CT,1279394,0,0.056108106589875,0.000136740732499811
60,42,003,516200,1400000US42003516200,42003516200,5162,CT,808017,0,0.0434330275789534,8.70980574999653e-05
61,42,003,521100,1400000US42003521100,42003521100,5211,CT,4694541,0,0.1019169203856,0.00049812431949992
62,42,003,523300,1400000US42003523300,42003523300,5233,CT,3567627,0,0.0940812378709628,0.000378934635499696
63,42,003,524000,1400000US42003524000,42003524000,5240,CT,1307953,235469,0.0637503377804269,0.000163852828500261
64,42,003,526302,1400000US42003526302,42003526302,5263.02,CT,3994239,0,0.0965413470257697,0.000424108497500758
65,42,003,552300,1400000US42003552300,42003552300,5523,CT,830980,0,0.0478153286682073,8.62865775000373e-05
66,42,003,561100,1400000US42003561100,42003561100,5611,CT,414535,0,0.0365045151889697,4.371595449989e-05
67,42,003,562700,1400000US42003562700,42003562700,5627,CT,910660,5234,0.045654386295521,9.57427374995489e-05
68,42,003,980400,1400000US42003980400,42003980400,9804,CT,1106930,0,0.0618500382748118,0.000118058389000145
69,42,003,981200,1400000US42003981200,42003981200,9812,CT,460275,156913,0.037879872867544,6.65627140000537e-05
70,42,003,010300,1400000US42003010300,42003010300,103,CT,866087,235982,0.0552352717127855,0.000117036700999949
71,42,003,030500,1400000US42003030500,42003030500,305,CT,668309,0,0.0469558579276867,7.19278309999774e-05
72,42,003,050600,1400000US42003050600,42003050600,506,CT,805419,6849,0.036499470339605,8.45722560001328e-05
73,42,003,141100,1400000US42003141100,42003141100,1411,CT,1226334,163168,0.0653679082798008,0.0001466314265003
74,42,003,271500,1400000US42003271500,42003271500,2715,CT,1393801,0,0.0769280809165258,0.000147076541999674
75,42,003,420000,1400000US42003420000,42003420000,4200,CT,767989,373437,0.0463380942108702,0.000122137484000173
76,42,003,425000,1400000US42003425000,42003425000,4250,CT,1891707,165716,0.0881439598051407,0.000220374627499874
77,42,003,470501,1400000US42003470501,42003470501,4705.01,CT,1128819,0,0.0493526167213684,0.000118639741000225
78,42,003,475304,1400000US42003475304,42003475304,4753.04,CT,4272024,0,0.122615998885118,0.000455837770999997
79,42,003,515300,1400000US42003515300,42003515300,5153,CT,867224,109167,0.0436646805678206,0.0001019944864998
80,42,003,552400,1400000US42003552400,42003552400,5524,CT,2044622,200574,0.0951165610455448,0.000240679070500071
81,42,003,981100,1400000US42003981100,42003981100,9811,CT,875989,0,0.0435227049632429,9.31616820001112e-05
82,42,003,472100,1400000US42003472100,42003472100,4721,CT,549881,0,0.0378839108446702,5.71872044997218e-05
83,42,003,515200,1400000US42003515200,42003515200,5152,CT,546485,0,0.0338093252849825,5.99016819999031e-05
84,42,003,080200,1400000US42003080200,42003080200,802,CT,344564,0,0.0247483389445173,3.58211370000495e-05
85,42,003,523501,1400000US42003523501,42003523501,5235.01,CT,4585072,0,0.0934109432325255,0.000487443651000422
86,42,003,552000,1400000US42003552000,42003552000,5520,CT,639467,0,0.0383983696319551,6.58575320000467e-05
87,42,003,432400,1400000US42003432400,42003432400,4324,CT,710868,191084,0.041486700783802,9.6994442999932e-05
88,42,003,468700,1400000US42003468700,42003468700,4687,CT,1408602,0,0.0550937068328925,0.000146137950000164
89,42,003,472400,1400000US42003472400,42003472400,4724,CT,425317,0,0.027550850999499,4.50291034998677e-05
90,42,003,486900,1400000US42003486900,42003486900,4869,CT,934904,40752,0.0487932188780395,0.000100450123500082
91,42,003,110600,1400000US42003110600,42003110600,1106,CT,637590,0,0.037547359592337,6.61897620001311e-05
92,42,003,060500,1400000US42003060500,42003060500,605,CT,662686,0,0.0465367205871245,7.07172210001301e-05
93,42,003,070500,1400000US42003070500,42003070500,705,CT,412753,0,0.027271175214567,4.37858139999807e-05
94,42,003,090200,1400000US42003090200,42003090200,902,CT,446355,0,0.0301328005141522,4.80981280000972e-05
95,42,003,190300,1400000US42003190300,42003190300,1903,CT,780870,0,0.0557639044831099,8.11739605000542e-05
96,42,003,141400,1400000US42003141400,42003141400,1414,CT,2049306,88690,0.0763981048473551,0.000230345114000027
97,42,003,261200,1400000US42003261200,42003261200,2612,CT,1054086,0,0.0601599467302518,0.00011444862300024
98,42,003,417100,1400000US42003417100,42003417100,4171,CT,1098641,0,0.0570257841131169,0.000115172883999819
99,42,003,431400,1400000US42003431400,42003431400,4314,CT,687844,0,0.0371539538526691,7.34145174996001e-05
100,42,003,472300,1400000US42003472300,42003472300,4723,CT,342247,0,0.0276641882466358,3.63641230000779e-05
101,42,003,512900,1400000US42003512900,42003512900,5129,CT,489059,0,0.0373410772711515,5.1552715999863e-05
102,42,003,561200,1400000US42003561200,42003561200,5612,CT,397421,0,0.025554199729106,4.22203735000852e-05
103,42,003,980800,1400000US42003980800,42003980800,9808,CT,351287,163997,0.0394311247721217,5.3396043500011e-05
104,42,003,170600,1400000US42003170600,42003170600,1706,CT,835825,0,0.063851581072586,8.95917484997812e-05
105,42,003,191600,1400000US42003191600,42003191600,1916,CT,2422505,0,0.0780404353235148,0.000256039232999763
106,42,003,202200,1400000US42003202200,42003202200,2022,CT,881779,0,0.048691170002496,9.20795420002273e-05
107,42,003,250900,1400000US42003250900,42003250900,2509,CT,643639,0,0.0372515988723094,6.88130939999244e-05
108,42,003,260200,1400000US42003260200,42003260200,2602,CT,1433975,7193,0.0945794300382409,0.000154088920999988
109,42,003,260900,1400000US42003260900,42003260900,2609,CT,812804,0,0.04038932152943,8.8415921499709e-05
110,42,003,261400,1400000US42003261400,42003261400,2614,CT,1211704,0,0.0550249615840625,0.000125832118000297
111,42,003,261500,1400000US42003261500,42003261500,2615,CT,1135926,0,0.0642575538356734,0.000122139188499944
112,42,003,270300,1400000US42003270300,42003270300,2703,CT,593102,0,0.0383809190045337,6.31402445000885e-05
113,42,003,270800,1400000US42003270800,42003270800,2708,CT,1270794,0,0.0552144997121553,0.000135953442500029
114,42,003,281500,1400000US42003281500,42003281500,2815,CT,617106,0,0.0378632652903185,6.42908140001289e-05
115,42,003,290100,1400000US42003290100,42003290100,2901,CT,1266738,0,0.0538520092054446,0.000135816549500022
116,42,003,290200,1400000US42003290200,42003290200,2902,CT,1453893,0,0.0619301286314278,0.000153105398500279
117,42,003,470300,1400000US42003470300,42003470300,4703,CT,3454506,0,0.131582154122256,0.000366941234500118
118,42,003,470502,1400000US42003470502,42003470502,4705.02,CT,1863590,0,0.0947826567915619,0.000199697804000097
119,42,003,473401,1400000US42003473401,42003473401,4734.01,CT,1527654,0,0.0544246601571437,0.000162596009500348
120,42,003,473601,1400000US42003473601,42003473601,4736.01,CT,2077710,0,0.0648398316807408,0.000219853104499955
121,42,003,474202,1400000US42003474202,42003474202,4742.02,CT,8875896,0,0.174606481283324,0.000938934289000158
122,42,003,476100,1400000US42003476100,42003476100,4761,CT,2418576,0,0.13057415375301,0.000255655028500493
123,42,003,477200,1400000US42003477200,42003477200,4772,CT,2900322,0,0.100786705454034,0.000307193434000314
124,42,003,480101,1400000US42003480101,42003480101,4801.01,CT,2295186,0,0.0839453840816979,0.000248857154999922
125,42,003,480200,1400000US42003480200,42003480200,4802,CT,3100761,0,0.111223288678926,0.000326562231000053
126,42,003,484600,1400000US42003484600,42003484600,4846,CT,1214370,0,0.0609674634060935,0.000125105829500437
127,42,003,310200,1400000US42003310200,42003310200,3102,CT,2541954,0,0.0835273601449839,0.000266369145999847
128,42,003,320700,1400000US42003320700,42003320700,3207,CT,1317666,0,0.0671444750333061,0.000136621608500151
129,42,003,401200,1400000US42003401200,42003401200,4012,CT,2618658,346621,0.0799664995161039,0.000314854622999909
130,42,003,407002,1400000US42003407002,42003407002,4070.02,CT,26192622,0,0.276954049148912,0.00279044087300014
131,42,003,412002,1400000US42003412002,42003412002,4120.02,CT,12552771,0,0.183598813861902,0.00133665878099966
132,42,003,413202,1400000US42003413202,42003413202,4132.02,CT,4145544,0,0.12116441797905,0.000440751717500173
133,42,003,414102,1400000US42003414102,42003414102,4141.02,CT,18136882,18582,0.184833874305238,0.00193064465550076
134,42,003,419000,1400000US42003419000,42003419000,4190,CT,15230404,1165654,0.199178380863859,0.00174280717750031
135,42,003,421100,1400000US42003421100,42003421100,4211,CT,8786033,739389,0.185343862011805,0.00101277556150004
136,42,003,426700,1400000US42003426700,42003426700,4267,CT,3748894,0,0.10407564505225,0.000398296536999987
137,42,003,428100,1400000US42003428100,42003428100,4281,CT,919959,0,0.0467691180871879,0.000101285228500118
138,42,003,429600,1400000US42003429600,42003429600,4296,CT,3445435,0,0.112499966079523,0.000369816645500448
139,42,003,430100,1400000US42003430100,42003430100,4301,CT,854749,0,0.0387468284016521,8.98276750001858e-05
140,42,003,432300,1400000US42003432300,42003432300,4323,CT,886334,0,0.0422605248032882,9.40453420000975e-05
141,42,003,445500,1400000US42003445500,42003445500,4455,CT,2588384,355898,0.130775013042393,0.000309354073499596
142,42,003,450700,1400000US42003450700,42003450700,4507,CT,2076129,43697,0.0666886561201343,0.000224107083500199
143,42,003,451101,1400000US42003451101,42003451101,4511.01,CT,7357430,479532,0.192627921204918,0.000833974397000005
144,42,003,455000,1400000US42003455000,42003455000,4550,CT,1215299,0,0.0607669779448323,0.000127681276999766
145,42,003,456003,1400000US42003456003,42003456003,4560.03,CT,31731955,0,0.343502218356264,0.00336395845850097
146,42,003,459202,1400000US42003459202,42003459202,4592.02,CT,195585,0,0.0179045305701879,1.97281905000038e-05
147,42,003,462600,1400000US42003462600,42003462600,4626,CT,1086093,0,0.0515537938626773,0.000115466092000168
148,42,003,464400,1400000US42003464400,42003464400,4644,CT,1727535,163590,0.0619421610745835,0.000200457322000123
149,42,003,040500,1400000US42003040500,42003040500,405,CT,472314,0,0.0320632028640627,5.023105950007e-05
150,42,003,551200,1400000US42003551200,42003551200,5512,CT,1308013,0,0.0553062625739462,0.000139308378499802
151,42,003,551900,1400000US42003551900,42003551900,5519,CT,1810501,400290,0.101028255835854,0.000232966185500002
152,42,003,561500,1400000US42003561500,42003561500,5615,CT,1279279,0,0.0715450698062774,0.00013568210950014
153,42,003,561900,1400000US42003561900,42003561900,5619,CT,1080829,0,0.0500125367480316,0.000115006968999997
154,42,003,562300,1400000US42003562300,42003562300,5623,CT,3116517,276270,0.0781878612372324,0.000358826214500432
155,42,003,562800,1400000US42003562800,42003562800,5628,CT,1775037,0,0.0915627393122139,0.000187924645999881
156,42,003,563100,1400000US42003563100,42003563100,5631,CT,2715483,0,0.102468576289799,0.000290811959000258
157,42,003,040900,1400000US42003040900,42003040900,409,CT,912392,0,0.0585071754084843,9.8198780000063e-05
158,42,003,051100,1400000US42003051100,42003051100,511,CT,190118,0,0.0177877742779283,1.90412080000982e-05
159,42,003,080700,1400000US42003080700,42003080700,807,CT,275058,0,0.023108081039867,2.94580269998807e-05
160,42,003,090100,1400000US42003090100,42003090100,901,CT,672423,146360,0.0380712263238186,8.72984679997181e-05
161,42,003,100500,1400000US42003100500,42003100500,1005,CT,724267,0,0.0371966508498498,7.68439275000835e-05
162,42,003,101800,1400000US42003101800,42003101800,1018,CT,1197152,0,0.0727015294971069,0.000128528606499823
163,42,003,130400,1400000US42003130400,42003130400,1304,CT,475088,0,0.0309768913224158,5.19506770000736e-05
164,42,003,564000,1400000US42003564000,42003564000,5640,CT,42754790,0,0.345439126162386,0.00454052968750032
165,42,003,980600,1400000US42003980600,42003980600,9806,CT,983079,473793,0.0654777158344372,0.000154571729500291
166,42,003,981800,1400000US42003981800,42003981800,9818,CT,1822889,310071,0.066922465158856,0.00022826627349981
167,42,003,140100,1400000US42003140100,42003140100,1401,CT,1465179,0,0.0555949814633981,0.000155713395999842
168,42,003,140600,1400000US42003140600,42003140600,1406,CT,888060,0,0.0535500678466939,9.47466035002178e-05
169,42,003,160800,1400000US42003160800,42003160800,1608,CT,1029321,0,0.0441854480904184,0.000108361582999768
170,42,003,487000,1400000US42003487000,42003487000,4870,CT,2507588,245513,0.0788806686915919,0.000292718314499763
171,42,003,488400,1400000US42003488400,42003488400,4884,CT,3725416,253628,0.104958116359318,0.000424253863499738
172,42,003,488600,1400000US42003488600,42003488600,4886,CT,12634985,226531,0.163325510471089,0.00136289917400042
173,42,003,489002,1400000US42003489002,42003489002,4890.02,CT,3465624,0,0.0880049115515782,0.000363528432000245
174,42,003,490002,1400000US42003490002,42003490002,4900.02,CT,8162674,0,0.12632148941738,0.000866454826500042
175,42,003,491101,1400000US42003491101,42003491101,4911.01,CT,16642184,0,0.205905173264492,0.0017633181024986
176,42,003,491200,1400000US42003491200,42003491200,4912,CT,10338002,0,0.177928831681481,0.00109568333899998
177,42,003,492900,1400000US42003492900,42003492900,4929,CT,1667543,0,0.0592779983592295,0.000178870980000202
178,42,003,495000,1400000US42003495000,42003495000,4950,CT,49062035,2256498,0.336975345936204,0.00542981370299983
179,42,003,496102,1400000US42003496102,42003496102,4961.02,CT,32772300,330085,0.342468144471007,0.00350332851000133
180,42,003,497000,1400000US42003497000,42003497000,4970,CT,12427320,546531,0.199886224802409,0.00137810994600019
181,42,003,498000,1400000US42003498000,42003498000,4980,CT,3704810,146233,0.111594134335659,0.000405792683999985
182,42,003,507000,1400000US42003507000,42003507000,5070,CT,1073824,0,0.054695831073772,0.000115881733499932
183,42,003,510000,1400000US42003510000,42003510000,5100,CT,1004195,0,0.0487165801820981,0.000106715230999964
184,42,003,516100,1400000US42003516100,42003516100,5161,CT,713470,0,0.0362248297080114,7.56754915002889e-05
185,42,003,518001,1400000US42003518001,42003518001,5180.01,CT,2566742,0,0.080786033826428,0.000270922617000053
186,42,003,520001,1400000US42003520001,42003520001,5200.01,CT,4386555,0,0.110195516738627,0.000464217968999909
187,42,003,521500,1400000US42003521500,42003521500,5215,CT,10486185,0,0.165128565220861,0.00111591468549956
188,42,003,523702,1400000US42003523702,42003523702,5237.02,CT,6994622,0,0.163129556960472,0.00074560018800046
189,42,003,525100,1400000US42003525100,42003525100,5251,CT,1361335,0,0.0641899943455893,0.000142776465000007
190,42,003,525300,1400000US42003525300,42003525300,5253,CT,1625043,198506,0.0730254744507225,0.000192081730499983
191,42,003,479000,1400000US42003479000,42003479000,4790,CT,1311099,0,0.0880118063261304,0.000142792085999439
192,42,003,480102,1400000US42003480102,42003480102,4801.02,CT,1693919,0,0.0720217598205644,0.000176314832999911
193,42,003,517000,1400000US42003517000,42003517000,5170,CT,2454860,20299,0.0942650725762373,0.000266180180500371
194,42,003,519000,1400000US42003519000,42003519000,5190,CT,5665162,0,0.147541577807107,0.000599844366500055
195,42,003,520002,1400000US42003520002,42003520002,5200.02,CT,2722528,0,0.110243938577617,0.000294502378999942
196,42,003,521401,1400000US42003521401,42003521401,5214.01,CT,7324096,0,0.149778841685854,0.000774124199999535
197,42,003,551300,1400000US42003551300,42003551300,5513,CT,3944375,29848,0.113012201534086,0.000425474178000487
198,42,003,552100,1400000US42003552100,42003552100,5521,CT,692579,86245,0.0470413801439707,8.28266239997383e-05
199,42,003,560500,1400000US42003560500,42003560500,5605,CT,464658,0,0.0285876431546608,5.00949704998835e-05
200,42,003,561000,1400000US42003561000,42003561000,5610,CT,568258,0,0.0435781774568145,5.71639554998251e-05
201,42,003,561600,1400000US42003561600,42003561600,5616,CT,1573400,0,0.0709263335930495,0.000166934317999695
202,42,003,562000,1400000US42003562000,42003562000,5620,CT,586697,0,0.0456965054922775,6.47797964997424e-05
203,42,003,562500,1400000US42003562500,42003562500,5625,CT,2029314,225010,0.0908907539146658,0.000240847524000198
204,42,003,563000,1400000US42003563000,42003563000,5630,CT,3942599,0,0.114103708069744,0.000413057793999737
205,42,003,563200,1400000US42003563200,42003563200,5632,CT,925196,138471,0.0567234171045282,0.000109312393500203
206,42,003,478200,1400000US42003478200,42003478200,4782,CT,2235529,0,0.0893724154841156,0.000237270411500023
207,42,003,564100,1400000US42003564100,42003564100,5641,CT,2577228,0,0.11173049855797,0.000274313203999835
208,42,003,488200,1400000US42003488200,42003488200,4882,CT,2936295,281625,0.0922979277315396,0.000342027265499872
209,42,003,564400,1400000US42003564400,42003564400,5644,CT,13689710,0,0.194953258539727,0.00144836700050022
210,42,003,564500,1400000US42003564500,42003564500,5645,CT,16329233,596785,0.23493007677261,0.00179445589399973
211,42,003,980500,1400000US42003980500,42003980500,9805,CT,1612453,8798,0.0574415037743845,0.000173522320500155
212,42,003,980900,1400000US42003980900,42003980900,9809,CT,1463996,854869,0.0752857047366857,0.000248329457999894
213,42,003,981000,1400000US42003981000,42003981000,9810,CT,1372534,0,0.0632837042277434,0.00014739310850026
214,42,003,982200,1400000US42003982200,42003982200,9822,CT,505672,0,0.0478115782699317,5.23849574998793e-05
215,42,003,521402,1400000US42003521402,42003521402,5214.02,CT,5726234,0,0.130439368596745,0.000605850942999918
216,42,003,522000,1400000US42003522000,42003522000,5220,CT,1308208,0,0.084522973367955,0.000135436843500185
217,42,003,523200,1400000US42003523200,42003523200,5232,CT,3220291,0,0.0858780511806351,0.000344685982000556
218,42,003,523502,1400000US42003523502,42003523502,5235.02,CT,4719624,0,0.111280977818971,0.000504275155999593
219,42,003,523701,1400000US42003523701,42003523701,5237.01,CT,6549533,0,0.136405300031226,0.000694703250499489
220,42,003,523800,1400000US42003523800,42003523800,5238,CT,4794535,329881,0.114042683989193,0.000547105446000096
221,42,003,525200,1400000US42003525200,42003525200,5252,CT,1126689,273023,0.0502437989812206,0.00014928555049983
222,42,003,526102,1400000US42003526102,42003526102,5261.02,CT,13786316,0,0.177993576540029,0.00146400956050042
223,42,003,526202,1400000US42003526202,42003526202,5262.02,CT,11354679,0,0.205912240001803,0.0012013882590003
224,42,003,550900,1400000US42003550900,42003550900,5509,CT,989680,0,0.0551063522626968,0.000104759073500104
225,42,003,563800,1400000US42003563800,42003563800,5638,CT,15279491,1105922,0.290900730107237,0.00174284231549964
226,42,003,480300,1400000US42003480300,42003480300,4803,CT,2846639,275717,0.168871758261713,0.000333666672500416
227,42,003,484300,1400000US42003484300,42003484300,4843,CT,2227687,229596,0.0940102485240488,0.000261077844000321
228,42,003,484500,1400000US42003484500,42003484500,4845,CT,2508909,0,0.0793908185038254,0.000265539573999694
229,42,003,485000,1400000US42003485000,42003485000,4850,CT,767376,85051,0.055481654581941,9.14152715001128e-05
230,42,003,486800,1400000US42003486800,42003486800,4868,CT,1281316,274120,0.077342434821226,0.000165505003500198
231,42,003,500300,1400000US42003500300,42003500300,5003,CT,2942136,99853,0.073356865848489,0.000325013275999878
232,42,003,508000,1400000US42003508000,42003508000,5080,CT,1110488,0,0.0591080840727615,0.000118488764500308
233,42,003,509400,1400000US42003509400,42003509400,5094,CT,2510395,0,0.0880760204032801,0.000262922469000236
234,42,003,512800,1400000US42003512800,42003512800,5128,CT,2095685,158717,0.0812958354487857,0.000238742661500012
235,42,003,513800,1400000US42003513800,42003513800,5138,CT,1458666,214450,0.0579516741982851,0.000176836616500093
236,42,003,515401,1400000US42003515401,42003515401,5154.01,CT,604921,0,0.0549328403524239,6.2837414500085e-05
237,42,003,422000,1400000US42003422000,42003422000,4220,CT,20373345,21834,0.272619016209523,0.00216564426649966
238,42,003,424000,1400000US42003424000,42003424000,4240,CT,1396350,575884,0.080272208599916,0.000208327890499872
239,42,003,426400,1400000US42003426400,42003426400,4264,CT,3510344,0,0.124703172760353,0.000373921811499614
240,42,003,427000,1400000US42003427000,42003427000,4270,CT,1599934,151831,0.0914843323747754,0.000183477029000136
241,42,003,427200,1400000US42003427200,42003427200,4272,CT,4786085,245409,0.139646905653813,0.000532685676500045
242,42,003,428200,1400000US42003428200,42003428200,4282,CT,4422203,0,0.122413417360759,0.00047287390849985
243,42,003,429100,1400000US42003429100,42003429100,4291,CT,5843386,0,0.138142737249481,0.000616747189999608
244,42,003,429500,1400000US42003429500,42003429500,4295,CT,4117963,0,0.112253959366376,0.000436221695000759
245,42,003,430200,1400000US42003430200,42003430200,4302,CT,1760368,0,0.0733412888514944,0.000189426052500156
246,42,003,431500,1400000US42003431500,42003431500,4315,CT,1001063,294923,0.0638292697264684,0.000136452409999992
247,42,003,434000,1400000US42003434000,42003434000,4340,CT,981450,204393,0.049482046790069,0.000125330826999893
248,42,003,437000,1400000US42003437000,42003437000,4370,CT,17758654,0,0.196586906410032,0.00188444870300058
249,42,003,439000,1400000US42003439000,42003439000,4390,CT,13899919,0,0.210753117928315,0.0014768025989996
250,42,003,448000,1400000US42003448000,42003448000,4480,CT,2590830,454542,0.0870227837773574,0.000322782514000268
251,42,003,451102,1400000US42003451102,42003451102,4511.02,CT,5963557,274546,0.132457341954555,0.000662855823499916
252,42,003,451104,1400000US42003451104,42003451104,4511.04,CT,7674478,0,0.128407710440327,0.000817982430500106
253,42,003,451300,1400000US42003451300,42003451300,4513,CT,31156953,0,0.332887530498044,0.00330551699249986
254,42,003,453003,1400000US42003453003,42003453003,4530.03,CT,15564355,0,0.212429429090841,0.00165439336100059
255,42,003,456001,1400000US42003456001,42003456001,4560.01,CT,14541136,11625,0.237790304060072,0.0015432794079998
256,42,003,456004,1400000US42003456004,42003456004,4560.04,CT,6516126,0,0.173384897663588,0.000691149331999623
257,42,003,458000,1400000US42003458000,42003458000,4580,CT,35159919,123974,0.274068818684491,0.00374225789399951
258,42,003,459102,1400000US42003459102,42003459102,4591.02,CT,9505092,36984,0.146809302732854,0.00101663160150017
259,42,003,460002,1400000US42003460002,42003460002,4600.02,CT,7536466,0,0.14160842942693,0.000806733255499836
260,42,003,462100,1400000US42003462100,42003462100,4621,CT,4048132,814776,0.125660018541254,0.000515905258500445
261,42,003,464300,1400000US42003464300,42003464300,4643,CT,1124143,0,0.0547024520023263,0.00012309742300031
262,42,003,465600,1400000US42003465600,42003465600,4656,CT,1007226,0,0.0571581546535501,0.000105112811499749
263,42,003,469000,1400000US42003469000,42003469000,4690,CT,5375268,0,0.110570872652586,0.000568499131000408
264,42,003,470400,1400000US42003470400,42003470400,4704,CT,1793648,0,0.0910853331007574,0.000190981801999893
265,42,003,470600,1400000US42003470600,42003470600,4706,CT,1882401,0,0.0883071216386389,0.000200734970999887
266,42,003,473100,1400000US42003473100,42003473100,4731,CT,1505105,0,0.0609597730360032,0.000162026519499802
267,42,003,473402,1400000US42003473402,42003473402,4734.02,CT,1772536,0,0.0690037070828068,0.000187240448499804
268,42,003,473500,1400000US42003473500,42003473500,4735,CT,2382453,0,0.0730930556005475,0.000251964084499852
269,42,003,474102,1400000US42003474102,42003474102,4741.02,CT,4784153,0,0.120807154643636,0.000501000022500351
270,42,003,475102,1400000US42003475102,42003475102,4751.02,CT,1826615,0,0.0592157760113106,0.000192719309999433
271,42,003,475200,1400000US42003475200,42003475200,4752,CT,4716596,0,0.13790352276776,0.000500015355999876
272,42,003,475303,1400000US42003475303,42003475303,4753.03,CT,3104903,0,0.0846339429594592,0.00032741185600001
273,42,003,476200,1400000US42003476200,42003476200,4762,CT,1717179,0,0.0795599057398999,0.000183057606000242
274,42,003,477300,1400000US42003477300,42003477300,4773,CT,3552184,0,0.108743670655583,0.000375503991499903
275,42,003,070600,1400000US42003070600,42003070600,706,CT,289737,0,0.0285455542475809,3.07912584999293e-05
276,42,003,070900,1400000US42003070900,42003070900,709,CT,803571,0,0.0498805726699156,8.51196120003604e-05
277,42,003,080400,1400000US42003080400,42003080400,804,CT,430386,0,0.0377063546952545,4.58826630001573e-05
278,42,003,080900,1400000US42003080900,42003080900,809,CT,380225,0,0.0385442933856357,4.1287474500145e-05
279,42,003,101100,1400000US42003101100,42003101100,1011,CT,1049825,305758,0.0633745777116141,0.000140789315999999
280,42,003,101600,1400000US42003101600,42003101600,1016,CT,464604,0,0.0359941405005205,4.72584754997435e-05
281,42,003,101700,1400000US42003101700,42003101700,1017,CT,392498,0,0.0304962262591085,4.22057980000845e-05
282,42,003,111400,1400000US42003111400,42003111400,1114,CT,327621,0,0.0246992938728382,3.47625759999084e-05
283,42,003,120300,1400000US42003120300,42003120300,1203,CT,1079673,0,0.0436789245535566,0.000113614013999947
284,42,003,120800,1400000US42003120800,42003120800,1208,CT,715702,0,0.0445691063022496,7.6856719000248e-05
285,42,003,130200,1400000US42003130200,42003130200,1302,CT,348488,0,0.0295078856173692,3.61527069998243e-05
286,42,003,130600,1400000US42003130600,42003130600,1306,CT,1403865,0,0.0670054965382848,0.000145135100500552
287,42,003,140300,1400000US42003140300,42003140300,1403,CT,941940,0,0.0465601892618211,9.98259094998559e-05
288,42,003,140500,1400000US42003140500,42003140500,1405,CT,754718,0,0.0465129559626992,8.02997065001407e-05
289,42,003,141300,1400000US42003141300,42003141300,1413,CT,889533,0,0.041505416902541,9.36168134997727e-05
290,42,003,151600,1400000US42003151600,42003151600,1516,CT,820480,0,0.0419007191428392,8.66720354999428e-05
291,42,003,151700,1400000US42003151700,42003151700,1517,CT,1189443,0,0.0479250279483606,0.00012412890449992
292,42,003,180300,1400000US42003180300,42003180300,1803,CT,769306,0,0.0478021841764145,8.07213420005009e-05
293,42,003,191100,1400000US42003191100,42003191100,1911,CT,1612349,0,0.0587291290025395,0.000171804579999682
294,42,003,191500,1400000US42003191500,42003191500,1915,CT,802610,0,0.0564928874415543,8.46470445002042e-05
295,42,003,191700,1400000US42003191700,42003191700,1917,CT,1865135,0,0.0684957640313242,0.000200452902000086
296,42,003,192000,1400000US42003192000,42003192000,1920,CT,1360696,0,0.0568300162840269,0.000145046829000181
297,42,003,210700,1400000US42003210700,42003210700,2107,CT,722950,0,0.0379331212481301,7.67952839998247e-05
298,42,003,240600,1400000US42003240600,42003240600,2406,CT,1225505,327614,0.0700571415436735,0.000167588357499578
299,42,003,250700,1400000US42003250700,42003250700,2507,CT,560128,0,0.0377160852582912,5.83171634999133e-05
300,42,003,320400,1400000US42003320400,42003320400,3204,CT,849780,0,0.0620248075224493,9.06310625001063e-05
301,42,003,401100,1400000US42003401100,42003401100,4011,CT,13106207,1012798,0.160116864015885,0.00150217151649988
302,42,003,402000,1400000US42003402000,42003402000,4020,CT,1324765,115337,0.0523515653384621,0.000154430311000059
303,42,003,404000,1400000US42003404000,42003404000,4040,CT,5887262,654837,0.135760922996317,0.000695741483999852
304,42,003,407001,1400000US42003407001,42003407001,4070.01,CT,48577795,12854,0.357040095141332,0.00516827213949921
305,42,003,410000,1400000US42003410000,42003410000,4100,CT,2304511,0,0.0854810075885268,0.000245084872999646
306,42,003,413100,1400000US42003413100,42003413100,4131,CT,15950134,214557,0.202814119422816,0.00172053212549864
307,42,003,413201,1400000US42003413201,42003413201,4132.01,CT,3779911,0,0.108183996686963,0.000400761669500255
308,42,003,413400,1400000US42003413400,42003413400,4134,CT,4394214,0,0.102156086715855,0.000464287718999694
309,42,003,415001,1400000US42003415001,42003415001,4150.01,CT,32483107,0,0.317697802874903,0.0034554396155006
310,42,003,416000,1400000US42003416000,42003416000,4160,CT,5835107,391066,0.126317014123158,0.000661484916499597
311,42,003,418000,1400000US42003418000,42003418000,4180,CT,1198395,223556,0.0491073064067394,0.000152376267999888
312,42,003,421200,1400000US42003421200,42003421200,4212,CT,9248433,0,0.18297041539476,0.000983594825499877
313,42,003,040400,1400000US42003040400,42003040400,404,CT,199505,0,0.0200459077399878,2.10019205000467e-05
314,42,003,050100,1400000US42003050100,42003050100,501,CT,790374,0,0.0458032542275295,8.58501584998621e-05
315,42,003,051000,1400000US42003051000,42003051000,510,CT,645419,0,0.0435689573226886,6.81283585000166e-05
316,42,003,060300,1400000US42003060300,42003060300,603,CT,1117947,143800,0.0520909300828791,0.000134535558999971
317,42,003,492800,1400000US42003492800,42003492800,4928,CT,1642209,0,0.0640650155623109,0.000161872556499695
318,42,003,070800,1400000US42003070800,42003070800,708,CT,446679,0,0.0328736090009587,4.73097374996314e-05
319,42,003,101400,1400000US42003101400,42003101400,1014,CT,930968,301741,0.0889018853267,0.000130304639000345
320,42,003,130100,1400000US42003130100,42003130100,1301,CT,772138,0,0.0650848937186362,8.22156735002319e-05
321,42,003,191400,1400000US42003191400,42003191400,1914,CT,945372,0,0.0593067484676713,0.000101125577999926
322,42,003,241200,1400000US42003241200,42003241200,2412,CT,682579,0,0.0636909725149703,6.69165400000008e-05
323,42,003,260700,1400000US42003260700,42003260700,2607,CT,671346,0,0.0487746943695439,7.07799934998997e-05
324,42,003,262000,1400000US42003262000,42003262000,2620,CT,1645935,0,0.0575239294579848,0.000174198343000054
325,42,003,300100,1400000US42003300100,42003300100,3001,CT,775644,0,0.0365007124128245,8.22347319996497e-05
326,42,003,403500,1400000US42003403500,42003403500,4035,CT,3172264,431553,0.105403907986297,0.000385204745999812
327,42,003,406000,1400000US42003406000,42003406000,4060,CT,33530713,0,0.277250533611928,0.0035704742510007
328,42,003,411000,1400000US42003411000,42003411000,4110,CT,40029569,0,0.338178752354112,0.00426081044949992
329,42,003,412001,1400000US42003412001,42003412001,4120.01,CT,22471390,10752,0.241940573715868,0.00239318372200116
330,42,003,415002,1400000US42003415002,42003415002,4150.02,CT,13018325,0,0.273725496315105,0.00138611896499949
331,42,003,429300,1400000US42003429300,42003429300,4293,CT,8349576,0,0.132572560217083,0.000885035323500254
332,42,003,435000,1400000US42003435000,42003435000,4350,CT,1472772,318264,0.0644239439134321,0.000191195325500287
333,42,003,459101,1400000US42003459101,42003459101,4591.01,CT,6226296,268187,0.143734729585843,0.000690852969000408
334,42,003,465800,1400000US42003465800,42003465800,4658,CT,1951976,0,0.0966624020547947,0.000205411562500225
335,42,003,471000,1400000US42003471000,42003471000,4710,CT,733880,0,0.0353913109148403,7.77770024999172e-05
336,42,003,473300,1400000US42003473300,42003473300,4733,CT,3295928,0,0.096081958036147,0.000350171240500131
337,42,003,474201,1400000US42003474201,42003474201,4742.01,CT,3302630,20332,0.134321881675482,0.00034968340850024
338,42,003,475401,1400000US42003475401,42003475401,4754.01,CT,5916165,0,0.111192296702156,0.000628180761499754
339,42,003,481000,1400000US42003481000,42003481000,4810,CT,879380,0,0.0414112792695843,9.34408139998861e-05
340,42,003,488300,1400000US42003488300,42003488300,4883,CT,6212135,0,0.146621784299312,0.000656950288500491
341,42,003,488500,1400000US42003488500,42003488500,4885,CT,9604274,0,0.171936155739807,0.00102237291650014
342,42,003,564200,1400000US42003564200,42003564200,5642,CT,14041346,359489,0.239069607193253,0.00152384631549954
343,42,003,496101,1400000US42003496101,42003496101,4961.01,CT,11878782,95831,0.178191098213628,0.00126638351599971
344,42,003,503002,1400000US42003503002,42003503002,5030.02,CT,5384573,0,0.122343912312417,0.000571276206499929
345,42,003,521200,1400000US42003521200,42003521200,5212,CT,7331231,0,0.191108883127336,0.000777987765999526
346,42,003,523600,1400000US42003523600,42003523600,5236,CT,5028423,0,0.0990511752850804,0.000531089692499822
347,42,003,526301,1400000US42003526301,42003526301,5263.01,CT,4348376,0,0.116800627002109,0.000462154826499592
348,42,003,560600,1400000US42003560600,42003560600,5606,CT,374300,0,0.0267234216332032,3.97400204998759e-05
349,42,003,561700,1400000US42003561700,42003561700,5617,CT,1072679,0,0.0459846419536401,0.000113770469000162
350,42,003,562600,1400000US42003562600,42003562600,5626,CT,2092793,187348,0.0856978480488376,0.000244696747000294
351,42,003,562900,1400000US42003562900,42003562900,5629,CT,6760214,607104,0.279821725122633,0.000778562707498765
352,42,003,521302,1400000US42003521302,42003521302,5213.02,CT,7970281,15818,0.169641679857913,0.000846892050999979
353,42,003,405000,1400000US42003405000,42003405000,4050,CT,24201221,0,0.288833696580041,0.00257569885449966
354,42,003,427100,1400000US42003427100,42003427100,4271,CT,6245765,0,0.123184514098712,0.000664014527999529
355,42,003,452000,1400000US42003452000,42003452000,4520,CT,83873207,14471,0.450907806630738,0.00890721397800088
356,42,003,461000,1400000US42003461000,42003461000,4610,CT,3965383,2109199,0.201873011723787,0.000643445304999523
357,42,003,475301,1400000US42003475301,42003475301,4753.01,CT,3388000,0,0.0890356252732162,0.000358952152000441
358,42,003,483800,1400000US42003483800,42003483800,4838,CT,1490494,177486,0.0728187747444349,0.000174554135999615
359,42,003,489001,1400000US42003489001,42003489001,4890.01,CT,3726146,0,0.0941160180076113,0.0003943741419998
360,42,003,492700,1400000US42003492700,42003492700,4927,CT,3849218,603232,0.131787879377065,0.000479189026500531
361,42,003,496200,1400000US42003496200,42003496200,4962,CT,14498355,690694,0.244281521809756,0.00160600929449884
362,42,003,521301,1400000US42003521301,42003521301,5213.01,CT,7668996,0,0.181856545070614,0.00081889136600016
363,42,003,477100,1400000US42003477100,42003477100,4771,CT,2161101,0,0.0870614226422979,0.00023237513199965
364,42,003,480400,1400000US42003480400,42003480400,4804,CT,5021148,0,0.110652578367894,0.000530156605500006
365,42,003,504100,1400000US42003504100,42003504100,5041,CT,8719828,428835,0.146149508457365,0.000972055625999805
366,42,003,515100,1400000US42003515100,42003515100,5151,CT,1091700,0,0.0553276755608431,0.000112791578500086
367,42,003,526201,1400000US42003526201,42003526201,5262.01,CT,6184747,0,0.124130648350364,0.000659792470999998
368,42,003,563300,1400000US42003563300,42003563300,5633,CT,25364137,0,0.287515330521875,0.00270002267450014
369,42,003,020100,1400000US42003020100,42003020100,201,CT,1678102,483177,0.0831610906638366,0.00023074620400009
370,42,003,111500,1400000US42003111500,42003111500,1115,CT,965268,0,0.0488005187609775,0.000101155028500098
371,42,003,426300,1400000US42003426300,42003426300,4263,CT,5214993,0,0.120201350096634,0.000555938320500575
372,42,003,429202,1400000US42003429202,42003429202,4292.02,CT,4349364,0,0.110933335584319,0.000463127511500351
373,42,003,449000,1400000US42003449000,42003449000,4490,CT,5432687,546096,0.117498929704028,0.000635158351499916
374,42,003,453004,1400000US42003453004,42003453004,4530.04,CT,7425008,0,0.162672865112546,0.000783612778999919
375,42,003,459201,1400000US42003459201,42003459201,4592.01,CT,23684537,0,0.322831827277203,0.00251830471127865
376,42,003,474203,1400000US42003474203,42003474203,4742.03,CT,4407425,0,0.0969736873590724,0.000468201483000454
377,42,003,191900,1400000US42003191900,42003191900,1919,CT,608784,0,0.0451640363851146,6.25168649997866e-05
378,42,003,270400,1400000US42003270400,42003270400,2704,CT,396816,0,0.0286307729953947,4.2012506999966e-05
379,42,003,290400,1400000US42003290400,42003290400,2904,CT,1607156,0,0.0876918058452634,0.00017252263400011
380,42,003,563900,1400000US42003563900,42003563900,5639,CT,1895017,0,0.0765195397396115,0.000197750338499801
381,42,003,980700,1400000US42003980700,42003980700,9807,CT,621462,417415,0.0742867426468481,0.000110380074500178
382,42,003,526101,1400000US42003526101,42003526101,5261.01,CT,34362115,979252,0.340784201039368,0.00375550723099942
383,42,003,561400,1400000US42003561400,42003561400,5614,CT,1820851,0,0.0715177376035895,0.000195139172499802
384,42,003,413500,1400000US42003413500,42003413500,4135,CT,8717230,54875,0.148192036036107,0.000934625273499526
385,42,003,473200,1400000US42003473200,42003473200,4732,CT,729801,0,0.0376318039390211,7.723774550022e-05
386,42,003,523100,1400000US42003523100,42003523100,5231,CT,6801079,288443,0.133051557681304,0.000754652672499911
387,42,003,160900,1400000US42003160900,42003160900,1609,CT,1244897,443598,0.0782129678728054,0.00018070866200023
388,42,003,429700,1400000US42003429700,42003429700,4297,CT,3135561,0,0.0975636091997202,0.000331097373000006
389,42,003,562400,1400000US42003562400,42003562400,5624,CT,1891902,0,0.0601319495407656,0.000198084060000002
390,42,003,980100,1400000US42003980100,42003980100,9801,CT,1473395,253872,0.0823971298320687,0.000182208486499778
391,42,003,414200,1400000US42003414200,42003414200,4142,CT,14184938,0,0.220703659866392,0.00150388429450027
392,42,003,451105,1400000US42003451105,42003451105,4511.05,CT,9558163,0,0.16118893020311,0.00101620653900008
393,42,003,474101,1400000US42003474101,42003474101,4741.01,CT,4058888,0,0.130309920216552,0.000436194975499613
394,42,003,490003,1400000US42003490003,42003490003,4900.03,CT,7806130,0,0.124422422383403,0.000820640687999946
395,42,003,040200,1400000US42003040200,42003040200,402,CT,604717,0,0.0499159537829049,6.36622870000787e-05
396,42,003,111300,1400000US42003111300,42003111300,1113,CT,536950,0,0.0399018177435251,5.74067390000158e-05
397,42,003,130300,1400000US42003130300,42003130300,1303,CT,546310,0,0.0375155962321143,5.70914769998194e-05
398,42,003,141000,1400000US42003141000,42003141000,1410,CT,507878,0,0.0462257361396044,5.45459614998328e-05
399,42,003,202300,1400000US42003202300,42003202300,2023,CT,2532255,0,0.0755876456108074,0.000270063159499288
400,42,003,320600,1400000US42003320600,42003320600,3206,CT,1479651,0,0.0539690854423215,0.000159244233999868
401,42,003,408001,1400000US42003408001,42003408001,4080.01,CT,26224976,0,0.220845302149917,0.0027898053055007
402,42,003,414101,1400000US42003414101,42003414101,4141.01,CT,9630782,0,0.1401462893119,0.00102406395400011
