SALEDATE,106,109,108,117,104,116,111,110,801,115,125,119,105,107,114,819,851,854,932,838
1990-01-31,100.6,101.079,101.684,97.804,102.68299999999999,98.941,102.853,102.009,101.023,100.848,102.47399999999999,98.96700000000001,101.319,107.005,103.182,99.037,100.208,104.09100000000001,101.955,104.962
1990-02-28,100.939,101.37899999999999,102.029,98.204,103.071,99.28200000000001,103.09200000000001,102.316,101.53399999999999,101.193,102.911,99.355,101.62899999999999,107.352,103.448,99.512,100.84899999999999,104.479,102.304,105.25399999999999
1990-03-31,101.277,101.68,102.374,98.604,103.458,99.62200000000001,103.331,102.62299999999999,102.045,101.537,103.34899999999999,99.743,101.94,107.698,103.713,99.986,101.49,104.866,102.65299999999999,105.546
1990-04-30,101.616,101.98,102.719,99.00399999999999,103.845,99.963,103.57,102.929,102.556,101.881,103.787,100.131,102.25,108.045,103.979,100.461,102.13,105.25299999999999,103.00200000000001,105.837
1990-05-31,101.955,102.281,103.064,99.40299999999999,104.23299999999999,100.304,103.809,103.236,103.06700000000001,102.225,104.225,100.51899999999999,102.561,108.391,104.245,100.936,102.771,105.64,103.351,106.12899999999999
1990-06-30,102.294,102.581,103.40899999999999,99.803,104.62,100.64399999999999,104.04799999999999,103.54299999999999,103.57799999999999,102.569,104.663,100.90700000000001,102.87200000000001,108.738,104.51,101.41,103.412,106.02799999999999,103.7,106.421
1990-07-31,102.896,103.088,103.819,100.395,105.236,101.197,104.366,103.90700000000001,104.169,103.01100000000001,105.365,101.51899999999999,103.369,109.02600000000001,104.64299999999999,102.085,103.999,106.51700000000001,103.78200000000001,106.868
1990-08-31,102.995,103.23299999999999,104.086,100.63,105.469,101.37299999999999,104.565,104.147,104.63,103.243,105.665,101.738,103.52600000000001,109.43299999999999,104.978,102.413,104.624,106.82700000000001,104.256,107.04799999999999
1990-09-30,103.23200000000001,103.45,104.40700000000001,100.931,105.70700000000001,101.60600000000001,104.76899999999999,104.40899999999999,105.12,103.54799999999999,105.93299999999999,102.00399999999999,103.71799999999999,109.823,105.34,102.79700000000001,105.31700000000001,107.14299999999999,104.764,107.215
1990-10-31,103.539,103.72399999999999,104.779,101.316,106.06,101.92399999999999,104.999,104.75,105.63,103.914,106.301,102.36200000000001,104.022,110.21700000000001,105.698,103.242,106.04799999999999,107.537,105.259,107.49799999999999
1990-11-30,103.889,104.016,105.146,101.741,106.45700000000001,102.274,105.209,105.101,106.1,104.286,106.71,102.758,104.37700000000001,110.505,105.962,103.697,106.706,107.93799999999999,105.65100000000001,107.837
1990-12-31,104.236,104.285,105.465,102.139,106.84200000000001,102.604,105.40299999999999,105.399,106.545,104.62100000000001,107.12700000000001,103.14299999999999,104.7,110.75299999999999,106.14399999999999,104.146,107.28399999999999,108.309,105.945,108.148
1991-01-31,104.59700000000001,104.571,105.794,102.545,107.249,102.947,105.64200000000001,105.68299999999999,107.051,104.959,107.588,103.54700000000001,105.00299999999999,111.098,106.355,104.641,107.899,108.698,106.23299999999999,108.43700000000001
1991-02-28,104.98,104.896,106.154,102.98100000000001,107.686,103.316,105.92399999999999,105.985,107.618,105.314,108.089,103.973,105.323,111.49700000000001,106.617,105.15799999999999,108.551,109.11200000000001,106.545,108.73100000000001
1991-03-31,105.34899999999999,105.242,106.508,103.40899999999999,108.11399999999999,103.686,106.195,106.29,108.184,105.664,108.589,104.39200000000001,105.647,111.85700000000001,106.884,105.65899999999999,109.178,109.514,106.855,109.029
1991-04-30,105.713,105.605,106.863,103.82799999999999,108.53299999999999,104.06299999999999,106.45200000000001,106.601,108.73299999999999,106.01799999999999,109.084,104.815,105.978,112.198,107.145,106.17200000000001,109.809,109.912,107.156,109.34
1991-05-31,106.087,105.978,107.22399999999999,104.25,108.949,104.455,106.715,106.925,109.257,106.374,109.585,105.244,106.329,112.556,107.40799999999999,106.70299999999999,110.446,110.31700000000001,107.444,109.66799999999999
1991-06-30,106.444,106.32799999999999,107.566,104.65899999999999,109.35700000000001,104.85,106.993,107.24799999999999,109.74799999999999,106.72,110.081,105.66,106.68799999999999,112.92200000000001,107.677,107.22399999999999,111.053,110.713,107.73,109.991
1991-07-31,106.795,106.663,107.902,105.06200000000001,109.773,105.256,107.29899999999999,107.58,110.242,107.083,110.583,106.08200000000001,107.069,113.315,107.969,107.75200000000001,111.666,111.113,108.031,110.32700000000001
1991-08-31,107.243,107.065,108.307,105.54,110.256,105.74,107.66799999999999,107.96799999999999,110.825,107.53299999999999,111.171,106.58,107.529,113.80799999999999,108.322,108.367,112.383,111.594,108.38,110.751
1991-09-30,107.76899999999999,107.50399999999999,108.757,106.075,110.775,106.26700000000001,108.066,108.37200000000001,111.463,108.022,111.805,107.11,108.016,114.387,108.72200000000001,109.02,113.15299999999999,112.124,108.74600000000001,111.219
1991-10-31,108.27,107.902,109.17200000000001,106.568,111.23200000000001,106.743,108.463,108.709,112.104,108.45100000000001,112.402,107.584,108.42399999999999,115.01299999999999,109.141,109.61,113.90700000000001,112.616,109.098,111.616
1991-11-30,108.77799999999999,108.305,109.588,107.05,111.64200000000001,107.21,108.92399999999999,109.024,112.822,108.867,113.01899999999999,108.051,108.818,115.691,109.603,110.181,114.708,113.10600000000001,109.471,111.99
1991-12-31,109.336,108.76700000000001,110.053,107.613,112.079,107.742,109.45,109.4,113.62299999999999,109.339,113.689,108.572,109.29,116.366,110.087,110.78299999999999,115.55,113.647,109.866,112.43799999999999
1992-01-31,109.87200000000001,109.22,110.51299999999999,108.221,112.521,108.28399999999999,109.941,109.8,114.382,109.81700000000001,114.32799999999999,109.09100000000001,109.779,116.948,110.525,111.35600000000001,116.311,114.18,110.22200000000001,112.92299999999999
1992-02-29,110.35700000000001,109.619,110.934,108.801,112.92399999999999,108.792,110.37200000000001,110.164,115.06299999999999,110.265,114.928,109.57700000000001,110.221,117.441,110.90100000000001,111.866,116.971,114.656,110.527,113.38600000000001
1992-03-31,110.83200000000001,110.00200000000001,111.337,109.354,113.305,109.29899999999999,110.78299999999999,110.5,115.71,110.705,115.54700000000001,110.05799999999999,110.635,117.9,111.243,112.34700000000001,117.59299999999999,115.09,110.81200000000001,113.834
1992-04-30,111.337,110.42,111.744,109.913,113.70299999999999,109.833,111.196,110.837,116.334,111.152,116.199,110.556,111.06299999999999,118.35700000000001,111.579,112.836,118.212,115.51700000000001,111.096,114.291
1992-05-31,111.898,110.882,112.18299999999999,110.494,114.145,110.39299999999999,111.625,111.189,116.95200000000001,111.60700000000001,116.889,111.083,111.546,118.825,111.92,113.344,118.82799999999999,115.969,111.382,114.77799999999999
1992-06-30,112.49600000000001,111.353,112.65100000000001,111.096,114.618,110.98700000000001,112.07,111.555,117.588,112.07600000000001,117.61200000000001,111.648,112.085,119.29899999999999,112.262,113.861,119.439,116.45200000000001,111.663,115.307
1992-07-31,113.089,111.816,113.111,111.70700000000001,115.09100000000001,111.613,112.515,111.926,118.235,112.55,118.338,112.238,112.65,119.757,112.59,114.37,120.03299999999999,116.94200000000001,111.939,115.86399999999999
1992-08-31,113.634,112.24600000000001,113.516,112.262,115.51,112.214,112.912,112.26799999999999,118.82,112.985,118.999,112.796,113.18799999999999,120.135,112.86399999999999,114.82700000000001,120.536,117.385,112.186,116.405
1992-09-30,114.15799999999999,112.65100000000001,113.902,112.79299999999999,115.905,112.79799999999999,113.287,112.587,119.389,113.39200000000001,119.60600000000001,113.322,113.699,120.495,113.12100000000001,115.242,121.001,117.79899999999999,112.425,116.929
1992-10-31,114.70200000000001,113.056,114.309,113.38,116.339,113.385,113.68799999999999,112.899,120.006,113.809,120.20200000000001,113.84299999999999,114.2,120.945,113.42,115.646,121.546,118.22,112.70700000000001,117.444
1992-11-30,115.223,113.435,114.698,113.988,116.781,113.914,114.09,113.175,120.61399999999999,114.205,120.738,114.30799999999999,114.655,121.464,113.74799999999999,116.00399999999999,122.12700000000001,118.60799999999999,113.036,117.89299999999999
1992-12-31,115.70299999999999,113.788,115.069,114.57799999999999,117.209,114.37,114.501,113.42,121.208,114.57700000000001,121.204,114.71,115.04799999999999,122.045,114.12,116.32700000000001,122.70200000000001,118.96799999999999,113.414,118.277
1993-01-31,116.21600000000001,114.178,115.492,115.196,117.681,114.836,114.993,113.693,121.899,114.98899999999999,121.696,115.131,115.449,122.741,114.589,116.69,123.35600000000001,119.37200000000001,113.867,118.679
1993-02-28,116.757,114.611,115.958,115.837,118.18799999999999,115.314,115.536,113.98899999999999,122.678,115.435,122.227,115.574,115.88600000000001,123.486,115.10600000000001,117.07799999999999,124.086,119.81299999999999,114.365,119.09899999999999
1993-03-31,117.285,115.075,116.431,116.50200000000001,118.70700000000001,115.79299999999999,116.07700000000001,114.294,123.495,115.90799999999999,122.76700000000001,116.036,116.355,124.213,115.62200000000001,117.48100000000001,124.85700000000001,120.26899999999999,114.881,119.51299999999999
1993-04-30,117.851,115.60600000000001,116.962,117.26700000000001,119.309,116.325,116.65899999999999,114.64399999999999,124.40700000000001,116.48700000000001,123.36,116.575,116.88799999999999,124.986,116.193,117.976,125.74,120.78399999999999,115.43799999999999,119.963
1993-05-31,118.48100000000001,116.184,117.56200000000001,118.132,120.00200000000001,116.925,117.305,115.042,125.44,117.179,124.009,117.189,117.479,125.834,116.83200000000001,118.574,126.743,121.35799999999999,116.04,120.45700000000001
1993-06-30,119.126,116.735,118.17,119.036,120.698,117.538,117.97,115.43700000000001,126.55,117.902,124.63799999999999,117.822,118.055,126.713,117.495,119.212,127.801,121.925,116.67299999999999,120.94200000000001
1993-07-31,119.755,117.226,118.742,119.931,121.336,118.113,118.618,115.79799999999999,127.69200000000001,118.60799999999999,125.206,118.435,118.555,127.583,118.152,119.853,128.871,122.441,117.321,121.366
1993-08-31,120.405,117.691,119.307,120.819,121.95299999999999,118.663,119.26700000000001,116.14200000000001,128.881,119.32799999999999,125.749,119.031,119.01,128.472,118.81200000000001,120.5,129.958,122.93299999999999,117.988,121.749
1993-09-30,121.071,118.139,119.861,121.68700000000001,122.584,119.21,119.881,116.46700000000001,130.07,120.053,126.26299999999999,119.609,119.462,129.36,119.43799999999999,121.126,131.006,123.40299999999999,118.634,122.118
1993-10-31,121.726,118.568,120.38,122.523,123.219,119.745,120.417,116.774,131.183,120.751,126.73,120.18,119.928,130.166,119.98700000000001,121.714,131.94799999999998,123.82799999999999,119.197,122.484
1993-11-30,122.35700000000001,118.975,120.848,123.31,123.82600000000001,120.249,120.87700000000001,117.08200000000001,132.178,121.40899999999999,127.15700000000001,120.755,120.42,130.834,120.439,122.274,132.764,124.20700000000001,119.65700000000001,122.867
1993-12-31,122.95299999999999,119.344,121.25,124.042,124.399,120.723,121.255,117.37299999999999,133.031,122.01100000000001,127.55,121.331,120.91799999999999,131.366,120.777,122.802,133.459,124.544,120.03299999999999,123.262
1994-01-31,123.51100000000001,119.67299999999999,121.604,124.73200000000001,124.93799999999999,121.176,121.568,117.62700000000001,133.763,122.54899999999999,127.904,121.882,121.37100000000001,131.81,121.031,123.28299999999999,134.059,124.837,120.354,123.64
1994-02-28,124.039,119.988,121.958,125.42,125.459,121.624,121.87,117.87100000000001,134.464,123.05799999999999,128.246,122.41,121.775,132.236,121.26799999999999,123.74,134.636,125.116,120.665,124.01799999999999
1994-03-31,124.51799999999999,120.275,122.289,126.085,125.95100000000001,122.05799999999999,122.149,118.10799999999999,135.118,123.52799999999999,128.562,122.899,122.13600000000001,132.65200000000002,121.48700000000001,124.162,135.187,125.375,120.96600000000001,124.391
1994-04-30,124.928,120.49600000000001,122.53,126.648,126.352,122.435,122.346,118.29700000000001,135.614,123.887,128.789,123.29899999999999,122.428,133.02,121.62799999999999,124.48,135.614,125.568,121.22,124.715
1994-05-31,125.279,120.67,122.693,127.09299999999999,126.654,122.73200000000001,122.47200000000001,118.431,135.958,124.132,128.936,123.596,122.66799999999999,133.322,121.695,124.68299999999999,135.9,125.696,121.414,124.991
1994-06-30,125.55799999999999,120.823,122.82600000000001,127.46,126.916,122.962,122.569,118.544,136.224,124.303,129.047,123.81,122.889,133.554,121.721,124.80799999999999,136.096,125.792,121.561,125.238
1994-07-31,125.805,120.96799999999999,122.958,127.809,127.20200000000001,123.179,122.67,118.662,136.472,124.449,129.154,123.99600000000001,123.11200000000001,133.757,121.735,124.90100000000001,136.25799999999998,125.882,121.693,125.475
1994-08-31,126.098,121.118,123.09700000000001,128.189,127.529,123.43799999999999,122.78299999999999,118.79299999999999,136.73,124.61200000000001,129.289,124.23,123.368,133.965,121.756,125.005,136.428,125.98200000000001,121.83,125.75
1994-09-30,126.446,121.29,123.25200000000001,128.608,127.87299999999999,123.743,122.914,118.939,137.004,124.804,129.467,124.53399999999999,123.675,134.18200000000002,121.79799999999999,125.137,136.626,126.102,121.964,126.084
1994-10-31,126.792,121.473,123.412,129.02,128.18200000000002,124.04700000000001,123.052,119.084,137.25799999999998,124.99600000000001,129.65,124.844,123.991,134.39600000000002,121.85700000000001,125.264,136.828,126.226,122.08200000000001,126.41799999999999
1994-11-30,127.11200000000001,121.64399999999999,123.56200000000001,129.394,128.44299999999998,124.33,123.179,119.213,137.474,125.15700000000001,129.82,125.1,124.272,134.582,121.90899999999999,125.35700000000001,136.997,126.333,122.18299999999999,126.694
1994-12-31,127.411,121.8,123.686,129.734,128.67600000000002,124.609,123.28399999999999,119.325,137.666,125.279,129.986,125.29899999999999,124.512,134.711,121.93700000000001,125.414,137.115,126.419,122.262,126.911
1995-01-31,127.67399999999999,121.932,123.772,130.048,128.898,124.883,123.35799999999999,119.42,137.829,125.37899999999999,130.149,125.471,124.73,134.775,121.932,125.445,137.18200000000002,126.48700000000001,122.307,127.104
1995-02-28,127.897,122.04299999999999,123.831,130.342,129.114,125.148,123.405,119.50200000000001,137.95600000000002,125.47,130.309,125.639,124.95299999999999,134.80100000000002,121.905,125.46700000000001,137.21,126.538,122.321,127.29799999999999
1995-03-31,128.11700000000002,122.164,123.88799999999999,130.64600000000002,129.316,125.43,123.456,119.57600000000001,138.07399999999998,125.551,130.486,125.823,125.2,134.833,121.88799999999999,125.495,137.22799999999998,126.57700000000001,122.32799999999999,127.50200000000001
1995-04-30,128.38299999999998,122.307,123.956,130.97899999999998,129.509,125.75,123.525,119.648,138.194,125.625,130.688,126.035,125.46600000000001,134.879,121.89200000000001,125.541,137.263,126.618,122.34,127.725
1995-05-31,128.705,122.459,124.04700000000001,131.338,129.716,126.098,123.62200000000001,119.73200000000001,138.342,125.712,130.915,126.275,125.745,134.947,121.928,125.615,137.332,126.685,122.37100000000001,127.961
1995-06-30,129.084,122.63600000000001,124.196,131.761,129.971,126.494,123.78399999999999,119.846,138.594,125.84299999999999,131.192,126.561,126.061,135.096,122.036,125.735,137.466,126.8,122.448,128.218
1995-07-31,129.481,122.831,124.37799999999999,132.221,130.243,126.905,123.99799999999999,119.97399999999999,138.924,125.993,131.494,126.85,126.37700000000001,135.312,122.198,125.87200000000001,137.641,126.934,122.573,128.467
1995-08-31,129.874,123.042,124.571,132.687,130.52,127.292,124.235,120.1,139.298,126.14299999999999,131.804,127.109,126.65799999999999,135.585,122.38600000000001,126.024,137.857,127.079,122.735,128.681
1995-09-30,130.351,123.329,124.83,133.261,130.899,127.734,124.556,120.26299999999999,139.814,126.354,132.205,127.431,126.995,136.029,122.646,126.272,138.219,127.309,122.961,128.929
1995-10-31,130.97299999999998,123.719,125.178,133.991,131.41899999999998,128.282,124.992,120.48200000000001,140.502,126.656,132.732,127.87299999999999,127.443,136.661,122.995,126.633,138.756,127.639,123.25,129.251
1995-11-30,131.673,124.16,125.57,134.79,131.986,128.872,125.484,120.73200000000001,141.243,127.0,133.315,128.36700000000002,127.941,137.346,123.38,127.038,139.36700000000002,128.004,123.565,129.6
1995-12-31,132.378,124.609,125.98,135.625,132.565,129.477,125.993,121.00299999999999,141.975,127.374,133.908,128.878,128.46,138.041,123.786,127.471,139.998,128.385,123.906,129.969
1996-01-31,133.07299999999998,125.06299999999999,126.41,136.513,133.18,130.12,126.523,121.296,142.715,127.78299999999999,134.518,129.415,129.007,138.76,124.22,127.94,140.649,128.79,124.288,130.38299999999998
1996-02-29,133.73,125.51700000000001,126.844,137.403,133.799,130.759,127.06,121.59200000000001,143.48,128.19799999999998,135.137,129.937,129.547,139.458,124.663,128.417,141.296,129.191,124.69,130.8
1996-03-31,134.34,125.985,127.272,138.25,134.411,131.357,127.581,121.876,144.267,128.606,135.745,130.435,130.06,140.135,125.109,128.884,141.931,129.572,125.087,131.186
1996-04-30,134.968,126.492,127.70200000000001,139.085,135.042,131.958,128.093,122.15799999999999,145.05,129.016,136.346,130.946,130.58,140.832,125.56,129.351,142.561,129.95,125.479,131.571
1996-05-31,135.628,127.01700000000001,128.125,139.92,135.67600000000002,132.589,128.605,122.44200000000001,145.791,129.417,136.951,131.476,131.124,141.52700000000002,125.992,129.816,143.167,130.332,125.859,131.974
1996-06-30,136.227,127.494,128.507,140.69,136.261,133.192,129.08700000000002,122.708,146.455,129.78,137.526,131.97799999999998,131.643,142.14700000000002,126.36,130.249,143.708,130.686,126.19200000000001,132.355
1996-07-31,136.74200000000002,127.916,128.852,141.389,136.798,133.741,129.524,122.948,147.063,130.116,138.053,132.446,132.116,142.704,126.67299999999999,130.65,144.202,131.00799999999998,126.475,132.697
1996-08-31,137.205,128.287,129.167,142.031,137.27700000000002,134.225,129.905,123.15899999999999,147.607,130.422,138.513,132.86,132.535,143.20600000000002,126.948,131.006,144.638,131.291,126.725,132.997
1996-09-30,137.57,128.56,129.394,142.554,137.618,134.583,130.178,123.30799999999999,147.998,130.624,138.834,133.134,132.846,143.565,127.15,131.233,144.903,131.476,126.914,133.215
1996-10-31,137.855,128.761,129.554,143.003,137.856,134.843,130.376,123.412,148.27100000000002,130.741,139.035,133.30100000000002,133.082,143.8,127.29299999999999,131.35299999999998,145.029,131.576,127.046,133.366
1996-11-30,138.144,128.97899999999998,129.743,143.504,138.114,135.109,130.601,123.538,148.57399999999998,130.882,139.22299999999998,133.491,133.32299999999998,144.053,127.45100000000001,131.489,145.204,131.69299999999998,127.17200000000001,133.518
1996-12-31,138.42,129.2,129.972,144.034,138.391,135.38,130.869,123.69,148.911,131.054,139.417,133.717,133.55200000000002,144.375,127.626,131.662,145.46,131.849,127.31,133.674
1997-01-31,138.636,129.379,130.19899999999998,144.517,138.63299999999998,135.618,131.13299999999998,123.83200000000001,149.21200000000002,131.207,139.579,133.921,133.74200000000002,144.722,127.78399999999999,131.815,145.718,132.004,127.45299999999999,133.8
1997-02-28,138.814,129.534,130.417,144.952,138.846,135.836,131.392,123.959,149.476,131.347,139.717,134.106,133.911,145.069,127.93299999999999,131.944,145.964,132.144,127.59700000000001,133.903
1997-03-31,138.964,129.688,130.625,145.34799999999998,139.026,136.035,131.638,124.07600000000001,149.715,131.486,139.838,134.282,134.054,145.40200000000002,128.078,132.065,146.201,132.27200000000002,127.738,133.996
1997-04-30,139.089,129.828,130.828,145.708,139.178,136.20600000000002,131.862,124.18700000000001,149.939,131.613,139.941,134.444,134.164,145.732,128.215,132.185,146.424,132.389,127.884,134.08
1997-05-31,139.204,129.945,131.035,146.059,139.336,136.359,132.076,124.304,150.162,131.735,140.042,134.601,134.269,146.062,128.343,132.305,146.648,132.505,128.034,134.158
1997-06-30,139.314,130.05200000000002,131.235,146.414,139.507,136.51,132.283,124.434,150.388,131.863,140.14,134.761,134.381,146.37,128.461,132.42700000000002,146.884,132.621,128.18200000000002,134.22899999999998
1997-07-31,139.416,130.154,131.422,146.764,139.681,136.656,132.48,124.565,150.626,131.994,140.227,134.916,134.486,146.654,128.569,132.55,147.129,132.73,128.333,134.28799999999998
1997-08-31,139.509,130.237,131.593,147.089,139.847,136.793,132.65200000000002,124.68,150.846,132.11,140.3,135.055,134.571,146.906,128.65,132.662,147.35299999999998,132.821,128.468,134.333
1997-09-30,139.629,130.332,131.803,147.441,140.048,136.958,132.846,124.81,151.10399999999998,132.243,140.409,135.215,134.67,147.238,128.763,132.80100000000002,147.60299999999998,132.941,128.615,134.4
1997-10-31,139.82399999999998,130.501,132.118,147.874,140.339,137.178,133.15,124.992,151.528,132.433,140.602,135.428,134.828,147.82,129.012,133.02100000000002,147.964,133.159,128.843,134.529
1997-11-30,140.058,130.725,132.47899999999998,148.304,140.66299999999998,137.403,133.533,125.189,152.07399999999998,132.626,140.83700000000002,135.637,135.02100000000002,148.58,129.361,133.27200000000002,148.37,133.434,129.15,134.69299999999998
1997-12-31,140.303,130.975,132.836,148.715,141.003,137.614,133.92700000000002,125.38,152.624,132.78799999999998,141.08,135.822,135.215,149.364,129.731,133.52,148.748,133.711,129.483,134.862
1998-01-31,140.62,131.303,133.274,149.26,141.464,137.875,134.38299999999998,125.62,153.234,132.993,141.377,136.06,135.41899999999998,150.208,130.184,133.849,149.192,134.037,129.841,135.069
1998-02-28,141.009,131.72,133.808,149.952,142.05,138.19,134.922,125.928,153.96200000000002,133.28,141.736,136.366,135.637,151.125,130.75,134.278,149.749,134.423,130.232,135.319
1998-03-31,141.379,132.165,134.336,150.64600000000002,142.64600000000002,138.49200000000002,135.46200000000002,126.249,154.718,133.585,142.095,136.683,135.844,152.036,131.338,134.713,150.322,134.803,130.626,135.562
1998-04-30,141.713,132.619,134.83100000000002,151.298,143.22299999999998,138.77100000000002,135.97,126.554,155.437,133.868,142.436,136.991,136.039,152.945,131.906,135.124,150.866,135.162,131.012,135.786
1998-05-31,142.058,133.09,135.328,151.94799999999998,143.809,139.053,136.469,126.853,156.122,134.132,142.782,137.30100000000002,136.241,153.859,132.465,135.539,151.393,135.528,131.394,136.012
1998-06-30,142.416,133.559,135.842,152.615,144.40200000000002,139.344,136.985,127.15299999999999,156.822,134.39,143.14600000000002,137.62,136.458,154.796,133.036,135.974,151.929,135.908,131.797,136.248
1998-07-31,142.779,134.024,136.391,153.296,144.99,139.637,137.547,127.45100000000001,157.589,134.651,143.52100000000002,137.939,136.68200000000002,155.817,133.655,136.43200000000002,152.51,136.298,132.256,136.489
1998-08-31,143.166,134.499,136.985,153.981,145.584,139.929,138.162,127.749,158.44,134.923,143.903,138.252,136.91299999999998,156.951,134.34,136.914,153.142,136.704,132.775,136.741
1998-09-30,143.578,134.977,137.572,154.662,146.17700000000002,140.232,138.757,128.045,159.284,135.20600000000002,144.25799999999998,138.571,137.141,158.106,135.031,137.395,153.765,137.111,133.289,137.012
1998-10-31,143.967,135.44299999999998,138.079,155.30700000000002,146.721,140.535,139.238,128.314,159.981,135.481,144.523,138.904,137.333,159.125,135.629,137.822,154.30100000000002,137.469,133.70600000000002,137.298
1998-11-30,144.333,135.934,138.554,155.934,147.239,140.844,139.66299999999998,128.579,160.586,135.763,144.724,139.263,137.489,160.039,136.181,138.235,154.816,137.803,134.064,137.606
1998-12-31,144.688,136.44799999999998,139.071,156.55100000000002,147.779,141.164,140.137,128.86700000000002,161.251,136.08700000000002,144.925,139.637,137.635,161.01,136.793,138.701,155.417,138.171,134.47299999999998,137.944
1999-01-31,145.007,136.921,139.606,157.10399999999998,148.30700000000002,141.484,140.629,129.138,161.967,136.424,145.131,139.975,137.779,162.028,137.42,139.172,156.079,138.553,134.92700000000002,138.292
1999-02-28,145.30100000000002,137.356,140.144,157.609,148.804,141.806,141.09799999999998,129.378,162.686,136.752,145.333,140.263,137.924,162.998,138.0,139.601,156.751,138.918,135.36700000000002,138.636
1999-03-31,145.634,137.828,140.726,158.161,149.328,142.173,141.596,129.63299999999998,163.44899999999998,137.106,145.56,140.55,138.083,163.976,138.583,140.04,157.463,139.295,135.812,138.996
1999-04-30,146.02200000000002,138.339,141.345,158.761,149.877,142.59,142.139,129.901,164.245,137.486,145.811,140.85299999999998,138.252,165.02700000000002,139.201,140.50799999999998,158.214,139.686,136.283,139.371
1999-05-31,146.459,138.863,142.00799999999998,159.377,150.43200000000002,143.04,142.745,130.167,165.06599999999997,137.877,146.078,141.16,138.453,166.171,139.863,140.999,158.987,140.08700000000002,136.784,139.756
1999-06-30,146.952,139.415,142.72799999999998,160.036,151.02200000000002,143.531,143.44299999999998,130.45,165.933,138.292,146.36700000000002,141.493,138.711,167.39700000000002,140.578,141.537,159.80200000000002,140.52,137.315,140.179
1999-07-31,147.48,139.988,143.454,160.71,151.634,144.043,144.179,130.753,166.803,138.72299999999998,146.665,141.84799999999998,138.998,168.59099999999998,141.286,142.094,160.632,140.966,137.829,140.63
1999-08-31,148.02200000000002,140.565,144.164,161.366,152.243,144.55700000000002,144.909,131.059,167.646,139.156,146.94899999999998,142.203,139.278,169.708,141.953,142.644,161.42600000000002,141.403,138.3,141.078
1999-09-30,148.55200000000002,141.123,144.871,162.012,152.846,145.049,145.628,131.352,168.47099999999998,139.583,147.211,142.525,139.548,170.812,142.606,143.186,162.183,141.832,138.746,141.496
1999-10-31,149.023,141.623,145.53799999999998,162.619,153.418,145.463,146.312,131.59799999999998,169.236,139.968,147.46200000000002,142.756,139.798,171.86599999999999,143.238,143.684,162.929,142.222,139.172,141.81
1999-11-30,149.475,142.13299999999998,146.201,163.263,154.011,145.81799999999998,146.998,131.843,170.024,140.356,147.734,142.929,140.045,172.896,143.873,144.16299999999998,163.721,142.608,139.61,142.023
1999-12-31,150.045,142.819,147.001,164.175,154.793,146.248,147.805,132.208,171.079,140.879,148.054,143.18200000000002,140.336,174.158,144.629,144.736,164.627,143.115,140.145,142.289
2000-01-31,150.741,143.665,147.941,165.351,155.751,146.76,148.734,132.689,172.40900000000002,141.53,148.386,143.542,140.655,175.65900000000002,145.52100000000002,145.405,165.585,143.74200000000002,140.769,142.668
2000-02-29,151.43200000000002,144.51,148.88,166.547,156.679,147.248,149.69,133.184,173.799,142.17600000000002,148.685,143.925,140.953,177.13299999999998,146.451,146.06799999999998,166.487,144.358,141.401,143.069
2000-03-31,152.04,145.306,149.74200000000002,167.65599999999998,157.491,147.683,150.611,133.656,175.13400000000001,142.77200000000002,148.941,144.3,141.209,178.484,147.362,146.683,167.33900000000003,144.914,142.004,143.435
2000-04-30,152.58100000000002,146.096,150.542,168.713,158.25799999999998,148.084,151.476,134.122,176.38099999999997,143.346,149.162,144.674,141.425,179.77700000000002,148.244,147.27100000000002,168.171,145.44799999999998,142.59,143.776
2000-05-31,153.088,146.86,151.29399999999998,169.72299999999998,159.00799999999998,148.441,152.267,134.565,177.521,143.894,149.349,145.02,141.614,180.986,149.065,147.825,168.945,145.97299999999998,143.145,144.095
2000-06-30,153.56,147.55100000000002,152.006,170.699,159.714,148.75,152.969,134.97,178.607,144.41,149.503,145.314,141.781,182.06099999999998,149.80200000000002,148.326,169.648,146.45600000000002,143.64700000000002,144.36700000000002
2000-07-31,153.99200000000002,148.18,152.689,171.658,160.364,149.032,153.594,135.345,179.71099999999998,144.91,149.637,145.569,141.921,183.03799999999998,150.48,148.787,170.312,146.889,144.107,144.571
2000-08-31,154.386,148.766,153.345,172.57,160.958,149.278,154.175,135.69799999999998,180.84,145.392,149.755,145.79399999999998,142.02700000000002,183.99599999999998,151.14,149.216,170.952,147.286,144.562,144.709
2000-09-30,154.825,149.4,154.061,173.55900000000003,161.608,149.56799999999998,154.791,136.09,182.03900000000002,145.938,149.891,146.063,142.171,185.03,151.852,149.688,171.614,147.731,145.047,144.886
2000-10-31,155.50799999999998,150.281,155.02200000000002,174.9,162.502,150.065,155.58,136.659,183.455,146.719,150.154,146.535,142.507,186.232,152.719,150.364,172.407,148.357,145.606,145.27700000000002
2000-11-30,156.408,151.39,156.181,176.49099999999999,163.55100000000002,150.74200000000002,156.515,137.385,184.993,147.69299999999998,150.541,147.186,143.025,187.46900000000002,153.684,151.225,173.27599999999998,149.11700000000002,146.217,145.862
2000-12-31,157.203,152.41,157.224,177.921,164.44099999999997,151.379,157.36,138.058,186.29,148.602,150.89600000000002,147.78,143.517,188.43400000000003,154.526,152.034,174.005,149.786,146.77100000000002,146.416
2001-01-31,157.774,153.201,158.041,179.09599999999998,165.109,151.907,158.029,138.6,187.269,149.37,151.16299999999998,148.234,143.906,189.09099999999998,155.197,152.71,174.56400000000002,150.31,147.235,146.842
2001-02-28,158.26,153.915,158.775,180.2,165.702,152.406,158.631,139.09799999999998,188.158,150.094,151.406,148.636,144.262,189.655,155.811,153.347,175.095,150.789,147.674,147.205
2001-03-31,158.687,154.654,159.485,181.291,166.25799999999998,152.882,159.21200000000002,139.586,189.035,150.795,151.622,149.009,144.57399999999998,190.222,156.406,153.984,175.64,151.251,148.111,147.525
2001-04-30,159.024,155.409,160.16,182.34,166.753,153.329,159.75799999999998,140.04399999999998,189.83700000000002,151.45600000000002,151.797,149.341,144.81799999999998,190.76,156.975,154.60399999999998,176.166,151.684,148.533,147.797
2001-05-31,159.32,156.16,160.819,183.34400000000002,167.206,153.786,160.293,140.47299999999998,190.583,152.083,151.961,149.655,145.032,191.245,157.533,155.19299999999998,176.67,152.101,148.945,148.049
2001-06-30,159.627,156.905,161.512,184.372,167.679,154.281,160.857,140.915,191.359,152.727,152.124,149.984,145.262,191.75,158.11700000000002,155.77,177.206,152.52200000000002,149.375,148.32399999999998
2001-07-31,159.985,157.661,162.298,185.52900000000002,168.25,154.80700000000002,161.491,141.431,192.252,153.471,152.285,150.352,145.535,192.412,158.787,156.385,177.852,152.976,149.849,148.64600000000002
2001-08-31,160.445,158.475,163.216,186.857,168.953,155.378,162.219,142.035,193.283,154.345,152.482,150.778,145.862,193.274,159.571,157.07299999999998,178.611,153.494,150.381,149.02100000000002
2001-09-30,160.909,159.29399999999998,164.15900000000002,188.19400000000002,169.69,155.94899999999998,162.951,142.625,194.30700000000002,155.209,152.683,151.19799999999998,146.174,194.204,160.38,157.743,179.36900000000003,154.016,150.922,149.376
2001-10-31,161.257,160.046,164.982,189.34400000000002,170.347,156.44,163.575,143.124,195.18,155.914,152.803,151.529,146.401,195.082,161.119,158.287,180.051,154.459,151.41,149.648
2001-11-30,161.55100000000002,160.767,165.7,190.355,170.94400000000002,156.866,164.092,143.57299999999998,195.91299999999998,156.475,152.851,151.8,146.571,195.893,161.782,158.72899999999998,180.639,154.833,151.81799999999998,149.888
2001-12-31,161.938,161.525,166.459,191.43200000000002,171.58700000000002,157.334,164.62099999999998,144.041,196.657,157.009,152.924,152.11,146.761,196.80200000000002,162.482,159.178,181.22400000000002,155.239,152.236,150.192
2002-01-31,162.45,162.35399999999998,167.38400000000001,192.68099999999998,172.34400000000002,157.923,165.315,144.56,197.63,157.61,153.078,152.495,146.991,198.045,163.398,159.694,182.03,155.763,152.846,150.582
2002-02-28,163.032,163.265,168.454,194.05,173.187,158.621,166.196,145.136,198.91,158.304,153.304,152.924,147.261,199.574,164.547,160.27200000000002,183.107,156.395,153.67700000000002,151.034
2002-03-31,163.648,164.24200000000002,169.555,195.442,174.058,159.374,167.125,145.74200000000002,200.31099999999998,159.043,153.572,153.381,147.57299999999998,201.143,165.766,160.873,184.25599999999997,157.063,154.565,151.529
2002-04-30,164.301,165.262,170.632,196.803,174.93,160.141,168.012,146.344,201.63099999999997,159.776,153.852,153.871,147.908,202.683,166.953,161.482,185.363,157.72899999999998,155.411,152.049
2002-05-31,164.998,166.292,171.74200000000002,198.18200000000002,175.824,160.89,168.898,146.955,202.895,160.523,154.128,154.395,148.25799999999998,204.24,168.144,162.127,186.47799999999998,158.405,156.253,152.583
2002-06-30,165.658,167.21099999999998,172.82,199.521,176.66,161.542,169.75599999999997,147.535,204.132,161.233,154.371,154.89,148.589,205.713,169.296,162.753,187.58700000000002,159.047,157.085,153.079
2002-07-31,166.213,167.97099999999998,173.74400000000003,200.68400000000003,177.325,162.061,170.52700000000002,148.018,205.28400000000002,161.843,154.57,155.312,148.844,207.019,170.33900000000003,163.3,188.63,159.611,157.881,153.483
2002-08-31,166.66299999999998,168.62599999999998,174.513,201.628,177.81400000000002,162.467,171.201,148.41,206.31,162.379,154.72,155.668,148.994,208.171,171.26,163.787,189.565,160.095,158.644,153.786
2002-09-30,167.218,169.396,175.38400000000001,202.74,178.37900000000002,162.94899999999998,171.94099999999997,148.866,207.472,163.046,154.89700000000002,156.075,149.181,209.426,172.245,164.34400000000002,190.535,160.632,159.467,154.165
2002-10-31,168.15599999999998,170.56799999999998,176.672,204.513,179.28400000000002,163.72899999999998,172.989,149.54399999999998,209.144,164.05200000000002,155.231,156.668,149.589,211.08900000000003,173.543,165.08,191.77,161.39600000000002,160.476,154.816
2002-11-30,169.426,172.109,178.354,206.83,180.437,164.739,174.364,150.403,211.31799999999998,165.328,155.724,157.389,150.179,213.155,175.14700000000002,165.94,193.294,162.364,161.688,155.637
2002-12-31,170.745,173.69,180.114,209.183,181.592,165.774,175.81599999999997,151.265,213.55200000000002,166.615,156.252,158.076,150.766,215.30200000000002,176.77,166.77900000000002,194.827,163.349,162.914,156.421
2003-01-31,172.046,175.127,181.75900000000001,211.385,182.707,166.795,177.13400000000001,152.05200000000002,215.498,167.81599999999997,156.764,158.687,151.3,217.217,178.17,167.54,196.093,164.25900000000001,163.915,157.178
2003-02-28,173.373,176.47400000000002,183.326,213.518,183.835,167.82299999999998,178.31400000000002,152.80700000000002,217.21900000000002,169.012,157.296,159.285,151.829,218.842,179.373,168.248,197.112,165.122,164.675,157.975
2003-03-31,174.68200000000002,177.805,184.842,215.593,184.947,168.826,179.426,153.56,218.899,170.225,157.844,159.878,152.341,220.335,180.511,168.916,198.06799999999998,165.96,165.37400000000002,158.762
2003-04-30,176.014,179.14700000000002,186.34,217.62900000000002,186.05200000000002,169.80900000000003,180.53,154.313,220.582,171.43599999999998,158.387,160.44899999999998,152.814,221.847,181.657,169.56799999999998,199.03599999999997,166.78599999999997,166.118,159.504
2003-05-31,177.386,180.438,187.835,219.639,187.153,170.75799999999998,181.643,155.046,222.22799999999998,172.62099999999998,158.917,160.97299999999998,153.255,223.362,182.796,170.218,199.96400000000003,167.59799999999998,166.857,160.207
2003-06-30,178.648,181.582,189.27,221.577,188.192,171.612,182.736,155.736,223.838,173.74599999999998,159.388,161.418,153.623,224.83599999999998,183.90099999999998,170.852,200.83599999999998,168.368,167.551,160.829
2003-07-31,179.685,182.524,190.558,223.33,189.095,172.31099999999998,183.74200000000002,156.345,225.387,174.768,159.732,161.755,153.846,226.232,184.928,171.426,201.65599999999998,169.041,168.205,161.285
2003-08-31,180.63299999999998,183.34799999999998,191.775,224.983,189.917,172.951,184.699,156.886,226.933,175.73,159.995,162.02200000000002,153.99,227.64,185.93900000000002,171.949,202.47,169.68,168.86599999999999,161.63
2003-09-30,181.487,184.03400000000002,192.84599999999998,226.442,190.615,173.548,185.554,157.319,228.32,176.555,160.19799999999998,162.214,154.082,228.976,186.88,172.38400000000001,203.19400000000002,170.278,169.456,161.869
2003-10-31,182.063,184.438,193.581,227.43200000000002,191.072,173.953,186.169,157.621,229.312,177.15599999999998,160.278,162.266,154.011,230.024,187.627,172.685,203.736,170.732,169.86,161.88
2003-11-30,182.486,184.678,194.195,228.19099999999997,191.475,174.248,186.68200000000002,157.983,230.12599999999998,177.795,160.308,162.273,153.834,230.924,188.351,173.005,204.268,171.142,170.18599999999998,161.762
2003-12-31,183.01,184.97099999999998,194.995,229.199,192.08,174.674,187.287,158.554,231.06599999999997,178.7,160.447,162.395,153.744,231.92,189.235,173.481,204.93400000000003,171.66099999999997,170.609,161.748
2004-01-31,183.57,185.255,195.87099999999998,230.365,192.798,175.21599999999998,187.896,159.209,232.03,179.69400000000002,160.668,162.60299999999998,153.731,232.89700000000002,190.137,174.017,205.622,172.206,171.09599999999998,161.819
2004-02-29,184.032,185.438,196.65200000000002,231.43,193.46900000000002,175.755,188.418,159.82299999999998,232.87,180.602,160.866,162.80700000000002,153.69,233.73,190.93099999999998,174.518,206.263,172.683,171.59900000000002,161.859
2004-03-31,184.385,185.558,197.33900000000003,232.37900000000002,194.05200000000002,176.248,188.872,160.372,233.58,181.43200000000002,161.001,162.967,153.58700000000002,234.493,191.66400000000002,175.003,206.87,173.09400000000002,172.142,161.842
2004-04-30,184.639,185.63099999999997,197.96,233.204,194.53900000000002,176.669,189.263,160.849,234.165,182.178,161.08700000000002,163.066,153.45,235.21900000000002,192.34799999999998,175.48,207.425,173.43400000000003,172.707,161.791
2004-05-31,184.865,185.688,198.606,233.97400000000002,195.003,177.082,189.638,161.30200000000002,234.734,182.899,161.179,163.148,153.357,235.937,192.989,175.976,207.954,173.75,173.28799999999998,161.763
2004-06-30,185.105,185.733,199.291,234.74099999999999,195.488,177.53799999999998,190.016,161.743,235.297,183.618,161.286,163.233,153.335,236.63400000000001,193.582,176.483,208.46099999999998,174.05200000000002,173.87900000000002,161.746
2004-07-31,185.38299999999998,185.775,199.955,235.502,195.984,178.00900000000001,190.40400000000002,162.16299999999998,235.78400000000002,184.315,161.391,163.293,153.377,237.28799999999998,194.13099999999997,176.957,208.93599999999998,174.31900000000002,174.458,161.69299999999998
2004-08-31,185.72,185.842,200.60299999999998,236.265,196.487,178.497,190.822,162.586,236.205,185.017,161.526,163.346,153.47899999999998,237.922,194.669,177.40900000000002,209.395,174.58599999999998,175.03799999999998,161.644
2004-09-30,186.105,185.93200000000002,201.274,237.081,197.03,179.025,191.269,163.05200000000002,236.635,185.783,161.72899999999998,163.438,153.626,238.595,195.233,177.892,209.892,174.90400000000002,175.64,161.674
2004-10-31,186.49,186.065,201.976,237.90400000000002,197.608,179.57,191.72299999999998,163.518,237.12099999999998,186.53599999999997,161.97,163.549,153.789,239.238,195.77,178.37,210.38299999999998,175.255,176.25799999999998,161.717
2004-11-30,186.885,186.36900000000003,202.763,238.701,198.22299999999998,180.19400000000002,192.19799999999998,163.888,237.665,187.135,162.239,163.642,153.967,239.72299999999998,196.197,178.75,210.729,175.59900000000002,176.908,161.629
2004-12-31,187.352,186.922,203.688,239.57,198.903,180.988,192.747,164.162,238.275,187.601,162.566,163.724,154.185,240.07299999999998,196.545,179.03400000000002,210.918,175.955,177.632,161.398
2005-01-31,187.896,187.66299999999998,204.709,240.562,199.66,181.89700000000002,193.373,164.437,238.979,188.05200000000002,162.952,163.814,154.47899999999998,240.405,196.893,179.303,211.06599999999997,176.372,178.396,161.14600000000002
2005-02-28,188.423,188.505,205.734,241.59,200.458,182.78599999999997,194.03,164.745,239.773,188.50400000000002,163.35399999999998,163.889,154.839,240.752,197.257,179.576,211.227,176.821,179.141,160.91299999999998
2005-03-31,188.893,189.428,206.74200000000002,242.635,201.265,183.614,194.713,165.071,240.644,188.937,163.755,163.93599999999998,155.207,241.125,197.642,179.817,211.421,177.25099999999998,179.88299999999998,160.656
2005-04-30,189.31799999999998,190.391,207.75599999999997,243.71900000000002,202.05599999999998,184.396,195.408,165.4,241.56799999999998,189.357,164.12400000000002,163.97099999999998,155.539,241.544,198.05700000000002,180.018,211.662,177.662,180.63299999999998,160.361
2005-05-31,189.704,191.34400000000002,208.771,244.795,202.82,185.135,196.078,165.72,242.479,189.732,164.429,164.003,155.845,241.96200000000002,198.46,180.19400000000002,211.924,178.06099999999998,181.34099999999998,160.033
2005-06-30,190.063,192.27,209.755,245.84400000000002,203.575,185.835,196.73,166.03,243.38,190.072,164.688,164.046,156.138,242.36,198.845,180.37,212.185,178.449,181.99200000000002,159.686
2005-07-31,190.37900000000002,193.13400000000001,210.69099999999997,246.856,204.312,186.50799999999998,197.37,166.31900000000002,244.30599999999998,190.41299999999998,164.923,164.104,156.398,242.753,199.22099999999998,180.553,212.423,178.824,182.61599999999999,159.341
2005-08-31,190.65400000000002,193.928,211.61599999999999,247.83599999999998,205.024,187.187,198.00599999999997,166.578,245.25799999999998,190.763,165.12900000000002,164.18,156.632,243.175,199.605,180.74900000000002,212.667,179.19,183.21900000000002,159.00799999999998
2005-09-30,190.935,194.709,212.575,248.83599999999998,205.75599999999997,187.905,198.679,166.812,246.237,191.11599999999999,165.30900000000003,164.266,156.862,243.65200000000002,200.03400000000002,180.96900000000002,212.965,179.57,183.81,158.66899999999998
2005-10-31,191.265,195.519,213.50099999999998,249.833,206.488,188.62900000000002,199.373,167.03599999999997,247.207,191.46599999999998,165.512,164.39700000000002,157.088,244.203,200.503,181.234,213.338,179.97400000000002,184.363,158.362
2005-11-30,191.637,196.273,214.196,250.66,207.088,189.28599999999997,199.989,167.257,248.075,191.77200000000002,165.722,164.64,157.282,244.80700000000002,200.953,181.565,213.78900000000002,180.37400000000002,184.796,158.154
2005-12-31,192.00900000000001,196.865,214.613,251.25400000000002,207.554,189.862,200.487,167.47,248.805,192.03400000000002,165.83900000000003,164.99900000000002,157.43,245.41,201.37400000000002,181.956,214.28400000000002,180.734,185.105,158.042
2006-01-31,192.36900000000003,197.299,214.921,251.71599999999998,208.035,190.408,200.91099999999997,167.676,249.435,192.31099999999998,165.84099999999998,165.415,157.553,245.965,201.792,182.357,214.763,181.05,185.358,157.986
2006-02-28,192.76,197.66299999999998,215.248,252.112,208.579,190.959,201.30900000000003,167.878,250.03,192.622,165.812,165.865,157.671,246.457,202.19299999999998,182.747,215.203,181.332,185.58700000000002,157.942
2006-03-31,193.166,197.99400000000003,215.574,252.433,209.1,191.495,201.672,168.071,250.62599999999998,192.93400000000003,165.78099999999998,166.34099999999998,157.767,246.878,202.55700000000002,183.13299999999998,215.592,181.59599999999998,185.796,157.886
2006-04-30,193.544,198.30900000000003,215.885,252.708,209.59,191.986,201.987,168.27900000000002,251.237,193.25,165.737,166.81,157.838,247.245,202.89700000000002,183.519,215.928,181.85299999999998,185.99,157.825
2006-05-31,193.928,198.65400000000002,216.217,252.977,210.101,192.456,202.293,168.533,251.91400000000002,193.597,165.69799999999998,167.269,157.93,247.613,203.24400000000003,183.91400000000002,216.25900000000001,182.11599999999999,186.172,157.798
2006-06-30,194.37099999999998,199.047,216.611,253.27900000000002,210.66,192.93099999999998,202.63299999999998,168.827,252.669,193.987,165.7,167.732,158.072,248.017,203.615,184.317,216.61900000000003,182.398,186.36700000000002,157.844
2006-07-31,194.86700000000002,199.47799999999998,217.085,253.623,211.245,193.357,202.993,169.128,253.44099999999997,194.412,165.748,168.19,158.215,248.454,203.998,184.703,217.0,182.68,186.565,157.961
2006-08-31,195.38099999999997,199.922,217.608,253.94099999999997,211.82,193.69400000000002,203.34,169.41400000000002,254.169,194.832,165.805,168.615,158.30700000000002,248.90599999999998,204.362,185.02700000000002,217.36599999999999,182.918,186.71400000000003,158.06799999999998
2006-09-30,195.851,200.33700000000002,218.105,254.13299999999998,212.327,193.90900000000002,203.65099999999998,169.67,254.858,195.202,165.813,168.97099999999998,158.322,249.338,204.69400000000002,185.263,217.64700000000002,183.09099999999998,186.829,158.07299999999998
2006-10-31,196.09099999999998,200.56400000000002,218.417,254.06900000000002,212.618,193.82,203.833,169.817,255.387,195.429,165.649,169.118,158.136,249.63299999999998,204.935,185.347,217.739,183.114,186.903,157.85299999999998
2006-11-30,195.96,200.484,218.467,253.74900000000002,212.61700000000002,193.308,203.825,169.768,255.622,195.428,165.237,168.93,157.68,249.72400000000002,204.987,185.201,217.613,182.91400000000002,186.857,157.382
2006-12-31,195.583,200.206,218.365,253.304,212.40599999999998,192.50099999999998,203.69,169.546,255.671,195.229,164.68400000000003,168.465,157.085,249.709,204.85299999999998,184.84599999999998,217.368,182.544,186.696,156.796
2007-01-31,195.158,199.923,218.24099999999999,252.83,212.074,191.567,203.503,169.25400000000002,255.718,194.94,164.12900000000002,167.886,156.475,249.69,204.64700000000002,184.412,217.104,182.095,186.505,156.184
2007-02-28,194.745,199.688,218.122,252.38099999999997,211.66400000000002,190.595,203.287,168.96,255.78400000000002,194.632,163.593,167.299,155.86700000000002,249.666,204.45,183.985,216.83900000000003,181.635,186.32299999999998,155.547
2007-03-31,194.34,199.458,218.012,252.011,211.236,189.65200000000002,203.078,168.669,255.863,194.31799999999998,163.066,166.72099999999998,155.261,249.645,204.265,183.56099999999998,216.59,181.203,186.15099999999998,154.903
2007-04-30,193.97099999999998,199.218,217.905,251.71599999999998,210.85299999999998,188.81599999999997,202.90099999999998,168.38099999999997,255.93400000000003,194.002,162.575,166.176,154.685,249.63099999999997,204.079,183.137,216.368,180.808,185.982,154.30200000000002
2007-05-31,193.74099999999999,199.06400000000002,217.84599999999998,251.577,210.583,188.215,202.81400000000002,168.142,255.98,193.71599999999998,162.205,165.752,154.27,249.639,203.922,182.74400000000003,216.168,180.49400000000003,185.842,153.84
2007-06-30,193.752,199.122,217.933,251.768,210.46,187.96,202.896,168.024,256.133,193.50599999999997,162.053,165.50599999999997,154.167,249.75599999999997,203.86700000000002,182.43200000000002,216.035,180.332,185.80900000000003,153.592
2007-07-31,193.88099999999997,199.30900000000003,218.132,252.21099999999998,210.389,187.93599999999998,203.093,168.013,256.481,193.362,162.055,165.354,154.285,249.985,203.91099999999997,182.21,215.993,180.28099999999998,185.9,153.444
2007-08-31,194.11,199.59,218.41099999999997,252.81799999999998,210.38,188.05,203.358,168.088,256.987,193.28599999999997,162.129,165.263,154.485,250.312,204.02900000000002,182.081,216.048,180.315,186.05900000000003,153.34
2007-09-30,194.606,200.055,218.793,253.628,210.574,188.41099999999997,203.733,168.255,257.601,193.27,162.313,165.317,154.869,250.78400000000002,204.22400000000002,182.015,216.199,180.486,186.255,153.414
2007-10-31,195.94099999999997,201.239,219.62599999999998,255.207,211.352,189.44099999999997,204.415,168.731,258.499,193.56400000000002,162.864,165.72299999999998,155.724,251.53099999999998,204.606,182.165,216.546,180.983,186.52200000000002,153.984
2007-11-30,198.708,203.793,221.40200000000002,258.39599999999996,213.118,191.642,205.618,169.84599999999998,259.923,194.611,164.02200000000002,166.662,157.196,252.69,205.334,182.833,217.27599999999998,182.013,186.908,155.287
2007-12-31,202.679,207.55599999999998,224.205,263.284,215.928,194.995,207.372,171.64700000000002,261.9,196.519,165.71099999999998,168.09599999999998,159.16,254.325,206.46599999999998,184.15400000000002,218.493,183.597,187.475,157.224
2008-01-31,207.33599999999998,211.88099999999997,227.838,269.293,219.55200000000002,199.048,209.628,173.919,264.39,199.05200000000002,167.773,169.852,161.45,256.41,207.949,186.016,220.18,185.593,188.278,159.57
2008-02-29,212.558,216.55200000000002,232.09799999999998,275.876,223.648,203.48,212.327,176.486,267.37,201.967,170.172,171.803,164.014,258.781,209.68200000000002,188.21599999999998,222.206,187.82299999999998,189.28599999999997,162.21
2008-03-31,218.192,221.641,236.646,282.605,227.905,208.213,215.243,179.205,270.61,205.058,172.808,173.90200000000002,166.78900000000002,261.23400000000004,211.524,190.55700000000002,224.33900000000003,190.146,190.388,165.083
2008-04-30,224.032,227.055,241.271,289.297,232.217,213.16400000000002,218.19400000000002,181.945,273.79900000000004,208.183,175.495,176.08,169.65,263.725,213.40200000000002,192.93599999999998,226.485,192.50900000000001,191.507,168.074
2008-05-31,229.919,232.51,246.03,295.973,236.545,218.093,221.178,184.64700000000002,276.843,211.291,178.1,178.208,172.44099999999997,266.263,215.30599999999998,195.332,228.709,194.887,192.584,170.984
2008-06-30,235.592,237.71099999999998,250.817,302.488,240.748,222.79,224.105,187.25900000000001,279.762,214.30700000000002,180.55,180.21099999999998,175.02200000000002,268.722,217.146,197.702,230.977,197.16299999999998,193.52900000000002,173.66299999999998
2008-07-31,241.297,242.83,255.55900000000003,308.85200000000003,244.928,227.485,226.963,189.82299999999998,282.661,217.294,182.963,182.215,177.547,271.074,218.885,200.05599999999998,233.22,199.358,194.362,176.313
2008-08-31,247.274,247.988,260.285,315.063,249.09599999999998,232.28099999999998,229.796,192.358,285.574,220.321,185.40599999999998,184.25400000000002,180.127,273.366,220.56400000000002,202.38400000000001,235.388,201.541,195.178,179.08
2008-09-30,253.299,253.075,265.04200000000003,321.24,253.227,237.016,232.58900000000003,194.889,288.473,223.442,187.804,186.253,182.606,275.649,222.232,204.729,237.533,203.71200000000002,196.003,181.852
2008-10-31,258.84,257.705,269.52099999999996,327.1,257.125,241.285,235.171,197.28,291.157,226.458,189.993,188.058,184.738,277.811,223.763,207.0,239.62,205.699,196.753,184.34
2008-11-30,263.369,261.358,273.226,331.764,260.327,244.542,237.378,199.24200000000002,293.383,228.921,191.783,189.47299999999998,186.405,279.645,224.989,208.93200000000002,241.445,207.29,197.391,186.253
2008-12-31,266.888,264.052,276.10900000000004,335.025,262.668,246.75799999999998,239.238,200.729,295.113,230.657,193.14,190.49200000000002,187.649,281.123,225.935,210.385,242.9,208.46599999999998,197.91,187.563
2009-01-31,269.78700000000003,266.222,278.394,337.48900000000003,264.444,248.407,240.81400000000002,201.91400000000002,296.405,231.84900000000002,194.18099999999998,191.261,188.59099999999998,282.27099999999996,226.685,211.40599999999998,244.04,209.333,198.26,188.43599999999998
2009-02-28,272.17,268.084,280.164,339.472,265.918,249.778,242.06400000000002,202.88099999999997,297.308,232.69799999999998,195.017,191.862,189.321,283.092,227.248,212.118,244.937,209.97799999999998,198.446,188.989
2009-03-31,274.182,269.89599999999996,281.672,341.16,267.283,251.025,243.106,203.737,298.01599999999996,233.42,195.773,192.385,189.94299999999998,283.788,227.72799999999998,212.74400000000003,245.75900000000001,210.52,198.565,189.377
2009-04-30,276.214,271.903,283.198,342.81699999999995,268.71299999999997,252.325,244.12900000000002,204.62400000000002,298.71299999999997,234.173,196.551,192.935,190.554,284.527,228.235,213.417,246.614,211.053,198.69099999999997,189.782
2009-05-31,278.361,273.934,284.661,344.39599999999996,270.21299999999997,253.671,245.109,205.52900000000002,299.4,234.91299999999998,197.327,193.52,191.16,285.187,228.713,214.083,247.388,211.55200000000002,198.833,190.225
2009-06-30,280.551,275.863,286.033,345.91900000000004,271.83299999999997,255.09900000000002,246.042,206.451,300.078,235.63099999999997,198.083,194.15900000000002,191.794,285.725,229.12900000000002,214.74099999999999,248.045,212.032,198.988,190.68900000000002
2009-07-31,282.791,277.775,287.45599999999996,347.455,273.54900000000004,256.611,247.00799999999998,207.4,300.774,236.37099999999998,198.83,194.845,192.46,286.245,229.537,215.42700000000002,248.668,212.533,199.14700000000002,191.165
2009-08-31,285.166,279.779,289.03700000000003,348.999,275.306,258.163,248.06400000000002,208.37900000000002,301.52299999999997,237.17,199.595,195.55700000000002,193.145,286.82099999999997,229.99,216.157,249.31799999999998,213.081,199.326,191.65400000000002
2009-09-30,287.623,281.85200000000003,290.7,350.47,277.063,259.698,249.166,209.358,302.288,237.976,200.361,196.28900000000002,193.84099999999998,287.455,230.486,216.875,249.989,213.65200000000002,199.537,192.14700000000002
2009-10-31,290.097,283.955,292.33,351.83,278.774,261.209,250.25,210.293,303.009,238.706,201.11700000000002,197.037,194.558,288.123,231.024,217.50599999999997,250.66,214.222,199.774,192.636
2009-11-30,292.524,286.005,293.865,353.055,280.337,262.681,251.236,211.148,303.64599999999996,239.33599999999998,201.84799999999998,197.74099999999999,195.278,288.747,231.551,218.03599999999997,251.274,214.762,200.023,193.102
2009-12-31,294.686,287.789,295.203,354.022,281.631,264.02,252.033,211.885,304.175,239.87,202.487,198.321,195.919,289.242,231.96599999999998,218.47799999999998,251.764,215.209,200.255,193.487
2010-01-31,296.47700000000003,289.182,296.26599999999996,354.63800000000003,282.60900000000004,265.10900000000004,252.65099999999998,212.493,304.592,240.293,202.983,198.775,196.40200000000002,289.611,232.25599999999997,218.828,252.125,215.543,200.453,193.75599999999997
2010-02-28,298.053,290.349,297.139,355.04900000000004,283.39099999999996,265.947,253.19799999999998,213.016,304.944,240.625,203.39,199.167,196.765,289.91,232.489,219.11700000000002,252.40599999999998,215.825,200.62400000000002,193.96599999999998
2010-03-31,299.47,291.381,297.88,355.418,284.094,266.58099999999996,253.697,213.47099999999998,305.235,240.9,203.737,199.50900000000001,197.06900000000002,290.138,232.673,219.368,252.615,216.058,200.78400000000002,194.14700000000002
2010-04-30,300.67900000000003,292.20099999999996,298.474,355.694,284.687,267.018,254.113,213.838,305.421,241.112,204.00099999999998,199.766,197.298,290.281,232.77700000000002,219.54,252.71900000000002,216.209,200.954,194.24599999999998
2010-05-31,301.717,292.805,298.941,355.836,285.08299999999997,267.27099999999996,254.452,214.114,305.506,241.239,204.173,199.91099999999997,197.41299999999998,290.373,232.812,219.602,252.73,216.27700000000002,201.12599999999998,194.234
2010-06-30,302.615,293.251,299.30400000000003,355.914,285.305,267.392,254.72,214.30900000000003,305.54,241.295,204.292,199.965,197.44400000000002,290.448,232.81599999999997,219.601,252.713,216.283,201.27599999999998,194.165
2010-07-31,303.323,293.525,299.519,355.94,285.399,267.341,254.89700000000002,214.405,305.518,241.28,204.361,199.93400000000003,197.405,290.481,232.795,219.562,252.674,216.22,201.4,194.048
2010-08-31,303.777,293.567,299.545,355.833,285.302,267.041,254.957,214.38099999999997,305.376,241.136,204.317,199.78,197.22400000000002,290.44,232.71400000000003,219.429,252.53900000000002,216.058,201.514,193.812
2010-09-30,304.019,293.408,299.44,355.601,285.026,266.526,254.929,214.25900000000001,305.125,240.87599999999998,204.157,199.50599999999997,196.9,290.377,232.56900000000002,219.19299999999998,252.297,215.795,201.65,193.445
2010-10-31,304.19599999999997,293.159,299.323,355.356,284.71,265.925,254.887,214.09400000000002,304.83299999999997,240.58900000000003,203.946,199.17,196.528,290.342,232.40099999999998,218.91299999999998,252.016,215.47799999999998,201.81799999999998,193.018
2010-11-30,304.342,292.867,299.217,355.13199999999995,284.406,265.262,254.861,213.892,304.547,240.28599999999997,203.703,198.78799999999998,196.107,290.315,232.248,218.60299999999998,251.734,215.13099999999997,201.998,192.55599999999998
2010-12-31,304.378,292.515,299.11,354.934,284.085,264.519,254.875,213.657,304.289,239.94799999999998,203.422,198.362,195.608,290.303,232.16099999999997,218.266,251.489,214.78099999999998,202.185,192.06400000000002
2011-01-31,304.322,292.183,299.066,354.86800000000005,283.817,263.82,254.97299999999998,213.455,304.089,239.648,203.144,197.97099999999998,195.135,290.387,232.196,217.981,251.355,214.503,202.37900000000002,191.61900000000003
2011-02-28,304.175,291.885,299.04900000000004,354.909,283.596,263.181,255.088,213.264,303.916,239.37099999999998,202.84900000000002,197.609,194.71200000000002,290.54900000000004,232.278,217.736,251.28,214.25599999999997,202.532,191.21200000000002
2011-03-31,303.812,291.482,298.915,354.85,283.284,262.431,255.08900000000003,212.955,303.68,238.988,202.458,197.16099999999997,194.208,290.649,232.274,217.405,251.136,213.905,202.61700000000002,190.707
2011-04-30,303.19599999999997,290.918,298.64,354.62,282.861,261.53700000000003,254.982,212.512,303.337,238.48,201.984,196.628,193.604,290.649,232.192,216.968,250.93099999999998,213.44400000000002,202.669,190.072
2011-05-31,302.38599999999997,290.232,298.253,354.24,282.324,260.536,254.793,211.967,302.885,237.88099999999997,201.42700000000002,196.025,192.912,290.555,232.046,216.458,250.679,212.896,202.673,189.33
2011-06-30,301.402,289.422,297.726,353.645,281.579,259.311,254.482,211.27,302.35200000000003,237.141,200.685,195.238,192.02200000000002,290.335,231.787,215.83,250.304,212.19299999999998,202.606,188.44
2011-07-31,300.347,288.566,297.14599999999996,352.92699999999996,280.72900000000004,257.95599999999996,254.113,210.49200000000002,301.834,236.334,199.833,194.322,191.017,290.086,231.485,215.15400000000002,249.87,211.419,202.518,187.493
2011-08-31,299.367,287.785,296.642,352.26199999999994,280.001,256.748,253.80599999999998,209.799,301.39599999999996,235.609,199.075,193.49200000000002,190.115,289.925,231.25400000000002,214.572,249.519,210.72400000000002,202.446,186.65200000000002
2011-09-30,298.469,287.07099999999997,296.202,351.66,279.388,255.701,253.574,209.204,301.019,234.96,198.42700000000002,192.761,189.321,289.814,231.079,214.078,249.257,210.08900000000003,202.36700000000002,185.889
2011-10-31,297.629,286.385,295.795,351.131,278.79900000000004,254.71200000000002,253.407,208.64,300.72,234.34400000000002,197.813,192.03599999999997,188.544,289.753,230.942,213.607,249.037,209.484,202.30599999999998,185.125
2011-11-30,296.906,285.748,295.444,350.718,278.259,253.82,253.30900000000003,208.09400000000002,300.512,233.80599999999998,197.24099999999999,191.351,187.831,289.776,230.854,213.183,248.84,208.954,202.28599999999997,184.419
2011-12-31,296.324,285.203,295.157,350.356,277.798,253.058,253.23,207.584,300.342,233.37099999999998,196.737,190.778,187.238,289.798,230.77,212.835,248.63299999999998,208.50400000000002,202.287,183.81900000000002
2012-01-31,295.817,284.742,294.932,349.98,277.389,252.34799999999998,253.12900000000002,207.108,300.17400000000004,232.982,196.27599999999998,190.28,186.715,289.757,230.66,212.523,248.408,208.085,202.3,183.262
2012-02-29,295.319,284.306,294.749,349.602,276.981,251.622,253.005,206.638,300.014,232.592,195.812,189.783,186.18900000000002,289.678,230.528,212.19,248.165,207.67,202.32299999999998,182.704
2012-03-31,294.857,283.878,294.591,349.231,276.556,250.91299999999998,252.864,206.205,299.872,232.23,195.357,189.28,185.68,289.584,230.37900000000002,211.84400000000002,247.91299999999998,207.29,202.357,182.19799999999998
2012-04-30,294.448,283.49,294.466,348.874,276.14799999999997,250.266,252.729,205.842,299.744,231.924,194.94299999999998,188.808,185.21099999999998,289.495,230.236,211.52,247.675,206.97,202.40400000000002,181.766
2012-05-31,294.144,283.22,294.42,348.61199999999997,275.869,249.77599999999998,252.648,205.58900000000003,299.632,231.72,194.644,188.483,184.851,289.422,230.14700000000002,211.274,247.498,206.74599999999998,202.476,181.463
2012-06-30,294.10200000000003,283.157,294.529,348.57599999999996,275.844,249.63,252.66400000000002,205.545,299.563,231.731,194.593,188.49400000000003,184.769,289.36400000000003,230.137,211.178,247.41099999999997,206.705,202.57299999999998,181.43
2012-07-31,294.408,283.383,294.882,348.856,276.111,249.899,252.828,205.75799999999998,299.632,232.00900000000001,194.835,188.886,185.00799999999998,289.41,230.25900000000001,211.27200000000002,247.454,206.898,202.69099999999997,181.69099999999997
2012-08-31,294.967,283.92,295.508,349.43199999999996,276.603,250.454,253.146,206.16299999999998,299.882,232.481,195.265,189.52700000000002,185.417,289.644,230.56599999999997,211.521,247.63299999999998,207.25900000000001,202.815,182.093
2012-09-30,295.78,284.768,296.48,350.325,277.38,251.26,253.68,206.747,300.384,233.153,195.835,190.372,185.965,290.154,231.115,211.924,248.02200000000002,207.766,203.045,182.597
2012-10-31,297.03700000000003,286.097,298.02299999999997,351.74300000000005,278.627,252.408,254.658,207.59799999999998,301.492,234.127,196.641,191.447,186.74900000000002,291.151,232.05200000000002,212.58,248.87599999999998,208.512,203.65400000000002,183.273
2012-11-30,298.752,288.017,300.20099999999996,353.80199999999996,280.298,253.84599999999998,256.165,208.717,303.448,235.40099999999998,197.68900000000002,192.678,187.71599999999998,292.758,233.44299999999998,213.537,250.35,209.518,204.86599999999999,184.09400000000002
2012-12-31,300.676,290.249,302.712,356.23800000000006,282.14099999999996,255.405,257.939,209.96900000000002,305.908,236.827,198.82,193.96099999999998,188.71,294.767,235.08900000000003,214.67700000000002,252.185,210.64,206.56099999999998,184.98
2013-01-31,302.621,292.465,305.23400000000004,358.69199999999995,284.009,256.99,259.709,211.227,308.436,238.27900000000002,199.924,195.26,189.678,296.825,236.743,215.85,254.03799999999998,211.74200000000002,208.45,185.917
2013-02-28,304.585,294.69599999999997,307.721,361.086,285.92400000000004,258.617,261.474,212.49200000000002,311.004,239.75,201.051,196.59,190.668,298.79,238.36599999999999,217.03900000000002,255.872,212.829,210.42700000000002,186.916
2013-03-31,306.6,297.126,310.246,363.524,287.95099999999996,260.341,263.31,213.83,313.653,241.3,202.265,198.00599999999997,191.729,300.76599999999996,240.025,218.31599999999997,257.777,213.967,212.507,187.986
2013-04-30,308.67400000000004,299.725,312.809,365.99699999999996,290.075,262.147,265.17,215.217,316.235,242.917,203.533,199.5,192.85299999999998,302.79200000000003,241.71400000000003,219.678,259.718,215.144,214.61599999999999,189.095
2013-05-31,310.681,302.194,315.301,368.33,292.123,263.836,266.948,216.50599999999997,318.64599999999996,244.42700000000002,204.706,200.88,193.91099999999997,304.73900000000003,243.34099999999998,220.983,261.573,216.237,216.67,190.09
2013-06-30,312.485,304.35900000000004,317.66900000000004,370.477,293.96,265.29400000000004,268.64,217.618,321.015,245.71400000000003,205.706,201.997,194.774,306.582,244.87099999999998,222.15099999999998,263.35,217.167,218.708,190.85299999999998
2013-07-31,314.105,306.286,319.883,372.46,295.579,266.54,270.276,218.571,323.443,246.832,206.57299999999998,202.892,195.43200000000002,308.373,246.326,223.205,265.101,217.96599999999998,220.767,191.43400000000003
2013-08-31,315.605,307.992,321.894,374.202,296.999,267.579,271.836,219.37400000000002,325.851,247.84900000000002,207.347,203.63099999999997,195.94799999999998,310.118,247.679,224.16400000000002,266.788,218.667,222.87400000000002,191.93099999999998
2013-09-30,317.047,309.528,323.69,375.686,298.277,268.455,273.291,220.083,328.13599999999997,248.778,208.032,204.278,196.403,311.803,248.942,225.03,268.334,219.317,224.945,192.377
2013-10-31,318.505,310.973,325.198,376.87699999999995,299.432,269.23400000000004,274.533,220.75400000000002,330.041,249.58,208.61700000000002,204.893,196.861,313.25,250.079,225.77200000000002,269.582,219.942,226.68200000000002,192.75900000000001
2013-11-30,319.927,312.242,326.327,377.61800000000005,300.428,269.92900000000003,275.492,221.37900000000002,331.287,250.21,209.118,205.49,197.335,314.246,250.963,226.34599999999998,270.405,220.50400000000002,227.865,193.092
2013-12-31,321.244,313.255,327.194,377.941,301.29400000000004,270.567,276.293,221.96599999999998,332.006,250.702,209.59900000000002,206.081,197.82299999999998,314.894,251.61599999999999,226.783,270.926,221.00900000000001,228.657,193.41
2014-01-31,322.513,314.118,328.046,378.11,302.145,271.203,277.132,222.56799999999998,332.587,251.171,210.108,206.69299999999998,198.32299999999998,315.469,252.257,227.166,271.406,221.52700000000002,229.27599999999998,193.702
2014-02-28,323.79400000000004,315.001,328.99800000000005,378.305,303.051,271.837,278.099,223.209,333.259,251.685,210.653,207.305,198.827,316.116,253.03400000000002,227.55200000000002,271.98900000000003,222.074,229.769,193.94799999999998
2014-03-31,325.10200000000003,315.997,330.019,378.541,304.001,272.485,279.159,223.87,334.039,252.217,211.207,207.90900000000002,199.338,316.851,253.915,227.956,272.671,222.63400000000001,230.18200000000002,194.162
2014-04-30,326.428,317.05,331.034,378.74,304.933,273.16200000000003,280.195,224.525,334.841,252.702,211.726,208.515,199.854,317.606,254.787,228.347,273.341,223.18900000000002,230.576,194.33599999999998
2014-05-31,327.765,318.112,332.028,378.909,305.85,273.88,281.176,225.183,335.634,253.158,212.22299999999998,209.148,200.37599999999998,318.325,255.62400000000002,228.72099999999998,273.95,223.733,230.94299999999998,194.50099999999998
2014-06-30,329.16,319.279,333.05199999999996,379.16,306.85400000000004,274.675,282.184,225.893,336.499,253.66,212.74599999999998,209.854,200.93900000000002,319.048,256.512,229.123,274.574,224.304,231.274,194.762
2014-07-31,330.63599999999997,320.551,334.129,379.475,307.932,275.54200000000003,283.23900000000003,226.63299999999998,337.43199999999996,254.178,213.274,210.59599999999998,201.544,319.823,257.457,229.532,275.237,224.895,231.577,195.12599999999998
2014-08-31,332.44199999999995,322.12,335.509,380.038,309.183,276.627,284.475,227.53900000000002,338.586,254.878,213.91,211.458,202.28400000000002,320.807,258.551,230.08,276.041,225.646,231.983,195.588
2014-09-30,334.78,324.282,337.455,381.18199999999996,310.811,278.093,285.999,228.821,340.158,256.086,214.81400000000002,212.62099999999998,203.274,322.084,259.895,231.023,277.121,226.735,232.679,196.197
2014-10-31,337.336,326.905,339.71,382.717,312.639,279.709,287.595,230.345,341.92800000000005,257.683,215.88099999999997,213.979,204.38099999999997,323.372,261.30400000000003,232.25900000000001,278.35,228.003,233.58700000000002,196.899
2014-11-30,339.755,329.662,341.889,384.165,314.32599999999996,281.16900000000004,289.057,231.83,343.525,259.26599999999996,216.89700000000002,215.24400000000003,205.389,324.425,262.57099999999997,233.483,279.496,229.18599999999998,234.48,197.55700000000002
2014-12-31,342.08099999999996,332.466,343.981,385.454,315.884,282.51599999999996,290.431,233.232,344.918,260.746,217.82,216.34900000000002,206.27700000000002,325.341,263.764,234.644,280.531,230.282,235.293,198.132
2015-01-31,344.365,335.205,346.019,386.72900000000004,317.395,283.85,291.724,234.588,346.19,262.184,218.68599999999998,217.36700000000002,207.108,326.181,264.916,235.792,281.476,231.34900000000002,236.06799999999998,198.67
2015-02-28,346.515,337.796,347.934,388.038,318.786,285.159,292.861,235.889,347.342,263.55400000000003,219.52599999999998,218.331,207.90099999999998,326.887,265.945,236.889,282.314,232.358,236.829,199.201
2015-03-31,348.53,340.421,349.73699999999997,389.43800000000005,320.07599999999996,286.462,293.872,237.166,348.417,264.885,220.403,219.267,208.678,327.531,266.862,237.954,283.105,233.32,237.605,199.739
2015-04-30,350.491,343.223,351.48400000000004,390.95,321.357,287.785,294.841,238.442,349.49199999999996,266.223,221.34099999999998,220.196,209.476,328.24199999999996,267.749,239.03799999999998,283.925,234.27599999999998,238.41,200.303
2015-05-31,352.473,346.129,353.25800000000004,392.55199999999996,322.659,289.126,295.841,239.732,350.60400000000004,267.57599999999996,222.331,221.132,210.328,329.017,268.651,240.178,284.779,235.266,239.274,200.896
2015-06-30,354.381,348.92,355.04900000000004,394.19199999999995,323.902,290.425,296.847,240.99099999999999,351.67,268.897,223.33,222.041,211.18599999999998,329.74199999999996,269.52099999999996,241.34400000000002,285.619,236.255,240.195,201.44799999999998
2015-07-31,356.26800000000003,351.598,356.865,395.904,325.10400000000004,291.7,297.85900000000004,242.236,352.716,270.228,224.35299999999998,222.94099999999997,212.032,330.42800000000005,270.365,242.541,286.48900000000003,237.25,241.18,201.959
2015-08-31,358.10699999999997,354.06699999999995,358.55800000000005,397.48800000000006,326.209,292.897,298.828,243.38,353.68699999999995,271.466,225.324,223.745,212.81,331.094,271.144,243.64700000000002,287.336,238.187,242.12099999999998,202.453
2015-09-30,359.62300000000005,356.02,359.795,398.585,326.948,293.873,299.578,244.202,354.283,272.297,226.03599999999997,224.29,213.373,331.63699999999994,271.707,244.386,287.926,238.888,242.782,202.859
2015-10-31,360.845,357.534,360.561,399.276,327.267,294.67,300.096,244.736,354.44300000000004,272.714,226.498,224.66400000000002,213.71099999999998,332.079,272.082,244.778,288.26,239.387,243.175,203.15200000000002
2015-11-30,362.11800000000005,359.01800000000003,361.17400000000004,399.912,327.437,295.505,300.58099999999996,245.24599999999998,354.51,273.033,226.967,225.106,213.987,332.537,272.469,245.15400000000002,288.612,239.903,243.585,203.419
2015-12-31,363.531,360.595,361.76,400.574,327.606,296.491,301.122,245.827,354.705,273.35400000000004,227.546,225.65900000000002,214.283,332.986,272.902,245.65400000000002,289.084,240.50400000000002,244.132,203.69799999999998
2016-01-31,365.00699999999995,362.211,362.32599999999996,401.189,327.79,297.611,301.684,246.429,354.981,273.631,228.19099999999997,226.25099999999998,214.59400000000002,333.4,273.32099999999997,246.203,289.577,241.155,244.707,203.987
2016-02-29,366.506,363.898,362.93300000000005,401.777,328.024,298.774,302.28,247.03400000000002,355.293,273.91900000000004,228.87099999999998,226.857,214.91299999999998,333.825,273.751,246.77,290.094,241.86900000000003,245.267,204.291
2016-03-31,367.918,365.626,363.51800000000003,402.347,328.225,299.884,302.901,247.61599999999999,355.587,274.235,229.50599999999997,227.43400000000003,215.19299999999998,334.23900000000003,274.193,247.33599999999998,290.656,242.607,245.812,204.563
2016-04-30,369.274,367.379,364.05800000000005,402.907,328.36199999999997,300.974,303.517,248.19099999999997,355.80300000000005,274.572,230.06599999999997,228.013,215.447,334.631,274.631,247.919,291.22700000000003,243.34099999999998,246.34099999999998,204.791
2016-05-31,370.675,369.18300000000005,364.62199999999996,403.483,328.517,302.115,304.13,248.798,355.981,274.938,230.609,228.665,215.71599999999998,335.039,275.07099999999997,248.55700000000002,291.801,244.09,246.858,205.04
2016-06-30,372.116,371.05,365.227,404.10400000000004,328.746,303.305,304.777,249.452,356.23800000000006,275.343,231.166,229.399,215.99200000000002,335.49,275.526,249.25,292.41,244.885,247.363,205.338
2016-07-31,373.566,372.904,365.81800000000004,404.7,329.01199999999994,304.492,305.469,250.118,356.57099999999997,275.76099999999997,231.71099999999998,230.141,216.25099999999998,335.95,275.987,249.947,293.04400000000004,245.71,247.82299999999998,205.65099999999998
2016-08-31,375.092,374.712,366.381,405.217,329.287,305.702,306.151,250.77900000000002,356.92199999999997,276.151,232.255,230.858,216.502,336.337,276.421,250.62,293.66,246.551,248.22299999999998,205.96
2016-09-30,376.705,376.51800000000003,366.939,405.673,329.594,306.98400000000004,306.797,251.435,357.251,276.493,232.84599999999998,231.608,216.826,336.662,276.802,251.298,294.265,247.40200000000002,248.59599999999998,206.27599999999998
2016-10-31,378.35699999999997,378.292,367.506,405.999,329.971,308.305,307.468,252.06799999999998,357.523,276.783,233.537,232.437,217.33599999999998,337.01199999999994,277.139,252.014,294.895,248.24,248.998,206.607
2016-11-30,379.89599999999996,379.851,368.01800000000003,406.077,330.379,309.501,308.168,252.609,357.7,277.015,234.25799999999998,233.269,217.97799999999998,337.36699999999996,277.437,252.703,295.53,249.007,249.408,206.91099999999997
2016-12-31,381.12300000000005,381.038,368.38800000000003,405.912,330.726,310.401,308.808,252.981,357.75800000000004,277.17400000000004,234.861,233.98,218.56400000000002,337.64,277.65,253.268,296.103,249.662,249.73,207.125
2017-01-31,382.069,381.92699999999996,368.634,405.63199999999995,330.99699999999996,311.046,309.35200000000003,253.236,357.72,277.255,235.332,234.58700000000002,219.05599999999998,337.852,277.77,253.727,296.628,250.22099999999998,249.94099999999997,207.273
2017-02-28,382.908,382.62800000000004,368.778,405.335,331.20599999999996,311.599,309.795,253.452,357.63599999999997,277.212,235.735,235.16099999999997,219.517,338.023,277.83099999999996,254.105,297.129,250.705,250.102,207.407
2017-03-31,383.649,383.11800000000005,368.772,405.004,331.343,312.108,310.112,253.6,357.51199999999994,277.027,236.062,235.722,219.94400000000002,338.065,277.843,254.398,297.556,251.108,250.247,207.507
2017-04-30,384.284,383.445,368.648,404.585,331.412,312.566,310.348,253.674,357.36400000000003,276.768,236.31400000000002,236.282,220.34400000000002,337.969,277.823,254.675,297.9,251.46099999999998,250.37900000000002,207.574
2017-05-31,384.963,383.814,368.55400000000003,404.152,331.48199999999997,313.04,310.60400000000004,253.77700000000002,357.251,276.52099999999996,236.58,236.894,220.787,337.881,277.829,255.016,298.22700000000003,251.838,250.513,207.696
2017-06-30,385.782,384.351,368.591,403.83099999999996,331.63199999999995,313.595,310.935,253.967,357.18699999999995,276.297,236.942,237.59099999999998,221.31599999999997,337.904,277.89799999999997,255.422,298.58,252.275,250.668,207.924
2017-07-31,386.675,385.0,368.71,403.625,331.851,314.194,311.296,254.204,357.149,276.07,237.364,238.324,221.87900000000002,337.964,278.019,255.858,298.934,252.743,250.843,208.19
2017-08-31,387.525,385.653,368.782,403.42400000000004,332.042,314.785,311.629,254.456,357.089,275.811,237.763,239.03599999999997,222.424,337.977,278.153,256.289,299.259,253.201,251.076,208.429
2017-09-30,388.24699999999996,386.235,368.76,403.23900000000003,332.17900000000003,315.334,311.907,254.713,356.934,275.519,238.1,239.692,222.929,337.972,278.26599999999996,256.698,299.569,253.613,251.372,208.64700000000002
2017-10-31,388.745,386.676,368.673,403.134,332.296,315.791,312.086,254.928,356.651,275.21,238.328,240.203,223.322,337.958,278.339,257.061,299.882,253.919,251.639,208.85299999999998
2017-11-30,388.874,386.848,368.44300000000004,402.964,332.273,315.997,312.064,254.982,356.23199999999997,274.768,238.34799999999998,240.43,223.484,337.827,278.325,257.276,300.107,254.03900000000002,251.787,208.94400000000002
2017-12-31,388.619,386.74300000000005,368.01,402.62300000000005,331.996,315.875,311.86,254.84900000000002,355.714,274.116,238.173,240.382,223.40200000000002,337.574,278.248,257.33099999999996,300.203,253.99,251.828,208.812
2018-01-31,388.284,386.615,367.555,402.34,331.648,315.627,311.66200000000003,254.68400000000003,355.29,273.435,237.97,240.24599999999998,223.24599999999998,337.399,278.23900000000003,257.395,300.33299999999997,253.925,251.826,208.545
2018-02-28,388.22,386.796,367.345,402.402,331.49800000000005,315.528,311.64,254.66400000000002,355.218,272.953,237.88,240.18099999999998,223.192,337.51,278.421,257.617,300.692,253.987,251.856,208.327
2018-03-31,388.52,387.44,367.491,402.87199999999996,331.621,315.682,311.834,254.847,355.564,272.7,237.955,240.215,223.27599999999998,337.98699999999997,278.82599999999996,258.002,301.327,254.209,252.013,208.21200000000002
2018-04-30,389.043,388.408,367.904,403.62300000000005,331.921,316.028,312.166,255.162,356.173,272.578,238.16400000000002,240.28400000000002,223.442,338.754,279.372,258.437,302.087,254.519,252.31099999999998,208.143
2018-05-31,389.56800000000004,389.397,368.37699999999995,404.439,332.23699999999997,316.399,312.503,255.477,356.846,272.45599999999996,238.4,240.30700000000002,223.641,339.625,279.925,258.77099999999996,302.765,254.80700000000002,252.658,208.06
2018-06-30,390.038,390.284,368.79400000000004,405.24800000000005,332.471,316.69,312.802,255.74400000000003,357.55300000000005,272.274,238.602,240.24200000000002,223.855,340.494,280.42,258.975,303.355,255.03799999999998,253.002,207.97
2018-07-31,390.63199999999995,391.225,369.26300000000003,406.19,332.714,317.024,313.19,256.068,358.39,272.116,238.83900000000003,240.174,224.118,341.44199999999995,280.926,259.20599999999996,304.02099999999996,255.321,253.421,207.949
2018-08-31,391.434,392.309,369.88699999999994,407.319,333.065,317.51599999999996,313.748,256.492,359.38300000000004,272.053,239.155,240.18,224.453,342.57800000000003,281.518,259.552,304.78700000000003,255.71599999999998,253.916,208.02599999999998
2018-09-30,392.204,393.355,370.485,408.38,333.36400000000003,317.927,314.317,256.85,360.42199999999997,271.949,239.42700000000002,240.083,224.735,343.798,282.10900000000004,259.816,305.487,256.074,254.354,208.07
2018-10-31,392.61400000000003,394.106,370.80699999999996,409.10699999999997,333.38,317.895,314.747,256.964,361.402,271.627,239.49099999999999,239.607,224.771,344.906,282.58299999999997,259.772,306.008,256.222,254.66299999999998,207.90200000000002
2018-11-30,392.658,394.517,370.85,409.519,333.164,317.454,315.08099999999996,256.872,362.293,271.113,239.355,238.801,224.581,345.86,282.938,259.449,306.382,256.185,254.908,207.544
2018-12-31,392.626,394.75199999999995,370.76300000000003,409.776,332.935,316.966,315.39599999999996,256.733,363.087,270.543,239.174,237.94799999999998,224.38,346.727,283.182,259.001,306.644,256.113,255.155,207.19299999999998
2019-01-31,392.655,394.98,370.626,409.95,332.749,316.603,315.683,256.618,363.774,269.964,239.055,237.178,224.253,347.51300000000003,283.29,258.53,306.83299999999997,256.056,255.42,206.94
2019-02-28,392.583,395.17800000000005,370.436,409.985,332.51599999999996,316.251,315.89,256.494,364.26800000000003,269.368,238.988,236.455,224.12900000000002,348.152,283.272,258.064,306.988,255.96599999999998,255.69099999999997,206.72400000000002
2019-03-31,392.255,395.163,370.108,409.76199999999994,332.165,315.769,315.941,256.30400000000003,364.436,268.752,238.905,235.725,223.94799999999998,348.559,283.111,257.547,307.02299999999997,255.8,255.916,206.49599999999998
2019-04-30,391.709,394.874,369.596,409.282,331.699,315.142,315.858,256.043,364.327,268.126,238.753,234.965,223.704,348.74199999999996,282.82599999999996,256.959,306.9,255.6,256.10200000000003,206.25599999999997
2019-05-31,391.105,394.485,369.01599999999996,408.73900000000003,331.184,314.473,315.777,255.78900000000002,364.176,267.545,238.542,234.206,223.418,348.866,282.536,256.39599999999996,306.774,255.435,256.306,206.013
2019-06-30,390.597,394.207,368.559,408.32300000000004,330.72900000000004,313.89799999999997,315.828,255.68099999999998,364.134,267.132,238.38099999999997,233.52200000000002,223.169,349.06199999999995,282.369,256.007,306.807,255.362,256.63,205.831
2019-07-31,390.43,394.35400000000004,368.44800000000004,408.217,330.528,313.606,316.211,255.97299999999998,364.348,267.05,238.588,233.11,223.205,349.394,282.448,256.038,307.15,255.541,257.258,205.952
2019-08-31,390.745,395.094,368.709,408.45300000000003,330.666,313.655,316.992,256.765,364.84,267.225,239.37400000000002,233.054,223.692,349.86,282.719,256.595,307.851,256.078,258.23,206.519
2019-09-30,391.546,396.32599999999996,369.255,408.98699999999997,331.106,314.04200000000003,318.034,257.95,365.465,267.54,240.614,233.31799999999998,224.63299999999998,350.463,283.07,257.562,308.882,256.94599999999997,259.35900000000004,207.477
2019-10-31,392.88699999999994,398.025,370.099,409.881,331.861,314.80400000000003,319.257,259.466,366.18699999999995,268.078,242.179,233.933,226.017,351.219,283.536,258.846,310.257,258.126,260.55400000000003,208.75400000000002
2019-11-30,394.722,400.22900000000004,371.289,411.175,332.94,315.91900000000004,320.689,261.309,367.13300000000004,268.892,244.05200000000002,234.908,227.782,352.11300000000006,284.194,260.434,311.925,259.6,261.902,210.269
2019-12-31,396.819,402.73699999999997,372.80699999999996,412.78,334.274,317.29900000000004,322.336,263.406,368.34,269.927,246.137,236.144,229.787,353.145,285.053,262.318,313.759,261.291,263.443,211.91
2020-01-31,399.12199999999996,405.43,374.673,414.715,335.843,318.971,324.22,265.769,369.788,271.214,248.393,237.59900000000002,231.99400000000003,354.38300000000004,286.173,264.488,315.752,263.21,265.133,213.717
2020-02-29,401.676,408.415,376.815,417.032,337.64599999999996,320.962,326.293,268.41900000000004,371.491,272.756,250.83599999999998,239.28,234.398,355.798,287.568,266.869,317.91200000000003,265.346,266.885,215.722
2020-03-31,404.292,411.619,378.98400000000004,419.574,339.594,323.117,328.374,271.168,373.339,274.433,253.335,241.09400000000002,236.842,357.231,289.094,269.315,320.08,267.52,268.63,217.755
2020-04-30,406.89300000000003,414.908,381.07599999999996,422.213,341.661,325.332,330.407,273.874,375.20099999999996,276.222,255.799,243.007,239.25900000000001,358.66900000000004,290.7,271.767,322.14799999999997,269.634,270.42900000000003,219.72099999999998
2020-05-31,409.651,418.27,383.167,425.028,343.852,327.619,332.495,276.58799999999997,377.164,278.165,258.277,245.03799999999998,241.729,360.175,292.443,274.258,324.216,271.715,272.373,221.68200000000002
2020-06-30,412.175,421.405,385.218,427.62199999999996,346.085,329.74300000000005,334.635,279.22700000000003,378.994,279.921,260.844,246.99099999999999,244.356,361.68800000000005,294.115,276.616,326.001,273.847,274.375,223.706
2020-07-31,411.191,420.36,384.12800000000004,425.505,344.316,328.00300000000004,334.35900000000004,278.687,377.93800000000005,278.348,260.578,245.236,243.56900000000002,361.18199999999996,292.624,275.9,326.365,273.387,274.348,223.50900000000001
2020-08-31,413.023,422.634,385.525,427.05800000000005,345.551,329.301,335.92699999999996,280.663,379.13599999999997,279.365,262.478,246.335,245.35,362.212,293.53700000000003,277.637,328.028,274.945,275.808,225.028
2020-09-30,414.856,424.909,386.921,428.61,346.785,330.598,337.496,282.64,380.334,280.382,264.378,247.433,247.13099999999997,363.24199999999996,294.449,279.374,329.691,276.504,277.267,226.548
2020-10-31,416.68800000000005,427.18300000000005,388.31699999999995,430.162,348.019,331.89599999999996,339.065,284.616,381.532,281.399,266.278,248.53099999999998,248.91299999999998,364.27099999999996,295.362,281.11,331.35400000000004,278.062,278.72700000000003,228.06799999999998
2020-11-30,418.52,429.458,389.713,431.714,349.254,333.194,340.63300000000004,286.593,382.73,282.416,268.177,249.62900000000002,250.69400000000002,365.301,296.274,282.847,333.01599999999996,279.621,280.186,229.588
2020-12-31,420.353,431.733,391.10900000000004,433.26599999999996,350.48800000000006,334.49199999999996,342.202,288.569,383.92800000000005,283.433,270.077,250.727,252.475,366.33099999999996,297.187,284.584,334.67900000000003,281.18,281.64599999999996,231.108
